"ITTER107","Territorio","TIPO_DATO7","Indicatori trasporto aereo","ARRIVO_PARTENZA","Arrivo-Partenza                  ","AEROPORTI","Aeroporti ","SERVIZIO_AEREO_TIPO","Tipo di servizio aereo","ISO","Nazionalità vettore","ISO_OD","Origine / Destinazione","TIME","Seleziona periodo","Value","Flag Codes","Flags"
"IT","Italia","PASS","passeggeri trasportati","AR","arrivi","TOTAL","Totale","ITLSH","linea internazionali","IT","Italia","ASI","Asia","2017","2017",747009,,
"IT","Italia","PASS","passeggeri trasportati","AR","arrivi","TOTAL","Totale","ITLSH","linea internazionali","IT","Italia","ASI","Asia","2018","2018",721780,,
"IT","Italia","PASS","passeggeri trasportati","AR","arrivi","TOTAL","Totale","ITLNSH","charter internazionali","IT","Italia","ASI","Asia","2017","2017",46193,,
"IT","Italia","PASS","passeggeri trasportati","AR","arrivi","TOTAL","Totale","ITLNSH","charter internazionali","IT","Italia","ASI","Asia","2018","2018",23362,,
"IT","Italia","PASS","passeggeri trasportati","AR","arrivi","TOTAL","Totale","ITLSE","voli internazionali","IT","Italia","ASI","Asia","2017","2017",793202,,
"IT","Italia","PASS","passeggeri trasportati","AR","arrivi","TOTAL","Totale","ITLSE","voli internazionali","IT","Italia","ASI","Asia","2018","2018",745142,,
"IT","Italia","PASS","passeggeri trasportati","AR","arrivi","TOTAL","Totale","ITLSH","linea internazionali","IT","Italia","EUR","Europa","2017","2017",4435176,,
"IT","Italia","PASS","passeggeri trasportati","AR","arrivi","TOTAL","Totale","ITLSH","linea internazionali","IT","Italia","EUR","Europa","2018","2018",4412354,,
"IT","Italia","PASS","passeggeri trasportati","AR","arrivi","TOTAL","Totale","ITLNSH","charter internazionali","IT","Italia","EUR","Europa","2017","2017",171208,,
"IT","Italia","PASS","passeggeri trasportati","AR","arrivi","TOTAL","Totale","ITLNSH","charter internazionali","IT","Italia","EUR","Europa","2018","2018",117389,,
"IT","Italia","PASS","passeggeri trasportati","AR","arrivi","TOTAL","Totale","ITLSE","voli internazionali","IT","Italia","EUR","Europa","2017","2017",4606384,,
"IT","Italia","PASS","passeggeri trasportati","AR","arrivi","TOTAL","Totale","ITLSE","voli internazionali","IT","Italia","EUR","Europa","2018","2018",4529743,,
"IT","Italia","PASS","passeggeri trasportati","AR","arrivi","TOTAL","Totale","ITLSH","linea internazionali","IT","Italia","ASI_OTH","Altri Paesi dell'Asia","2017","2017",290128,,
"IT","Italia","PASS","passeggeri trasportati","AR","arrivi","TOTAL","Totale","ITLSH","linea internazionali","IT","Italia","ASI_OTH","Altri Paesi dell'Asia","2018","2018",350952,,
"IT","Italia","PASS","passeggeri trasportati","AR","arrivi","TOTAL","Totale","ITLNSH","charter internazionali","IT","Italia","ASI_OTH","Altri Paesi dell'Asia","2017","2017",3886,,
"IT","Italia","PASS","passeggeri trasportati","AR","arrivi","TOTAL","Totale","ITLNSH","charter internazionali","IT","Italia","ASI_OTH","Altri Paesi dell'Asia","2018","2018",788,,
"IT","Italia","PASS","passeggeri trasportati","AR","arrivi","TOTAL","Totale","ITLSE","voli internazionali","IT","Italia","ASI_OTH","Altri Paesi dell'Asia","2017","2017",294014,,
"IT","Italia","PASS","passeggeri trasportati","AR","arrivi","TOTAL","Totale","ITLSE","voli internazionali","IT","Italia","ASI_OTH","Altri Paesi dell'Asia","2018","2018",351740,,
"IT","Italia","PASS","passeggeri trasportati","AR","arrivi","TOTAL","Totale","ITLSH","linea internazionali","IT","Italia","AU","Australia","2017","2017",0,,
"IT","Italia","PASS","passeggeri trasportati","AR","arrivi","TOTAL","Totale","ITLSH","linea internazionali","IT","Italia","AU","Australia","2018","2018",0,,
"IT","Italia","PASS","passeggeri trasportati","AR","arrivi","TOTAL","Totale","ITLNSH","charter internazionali","IT","Italia","AU","Australia","2017","2017",0,,
"IT","Italia","PASS","passeggeri trasportati","AR","arrivi","TOTAL","Totale","ITLNSH","charter internazionali","IT","Italia","AU","Australia","2018","2018",0,,
"IT","Italia","PASS","passeggeri trasportati","AR","arrivi","TOTAL","Totale","ITLSE","voli internazionali","IT","Italia","AU","Australia","2017","2017",0,,
"IT","Italia","PASS","passeggeri trasportati","AR","arrivi","TOTAL","Totale","ITLSE","voli internazionali","IT","Italia","AU","Australia","2018","2018",0,,
"IT","Italia","PASS","passeggeri trasportati","AR","arrivi","TOTAL","Totale","ITLSH","linea internazionali","WORLD","Mondo","ASI","Asia","2017","2017",3893856,,
"IT","Italia","PASS","passeggeri trasportati","AR","arrivi","TOTAL","Totale","ITLSH","linea internazionali","WORLD","Mondo","ASI","Asia","2018","2018",4192757,,
"IT","Italia","PASS","passeggeri trasportati","AR","arrivi","TOTAL","Totale","ITLNSH","charter internazionali","WORLD","Mondo","ASI","Asia","2017","2017",93414,,
"IT","Italia","PASS","passeggeri trasportati","AR","arrivi","TOTAL","Totale","ITLNSH","charter internazionali","WORLD","Mondo","ASI","Asia","2018","2018",75888,,
"IT","Italia","PASS","passeggeri trasportati","AR","arrivi","TOTAL","Totale","ITLSE","voli internazionali","WORLD","Mondo","ASI","Asia","2017","2017",3987270,,
"IT","Italia","PASS","passeggeri trasportati","AR","arrivi","TOTAL","Totale","ITLSE","voli internazionali","WORLD","Mondo","ASI","Asia","2018","2018",4268645,,
"IT","Italia","PASS","passeggeri trasportati","AR","arrivi","TOTAL","Totale","ITLSH","linea internazionali","WORLD","Mondo","EUR","Europa","2017","2017",46553115,,
"IT","Italia","PASS","passeggeri trasportati","AR","arrivi","TOTAL","Totale","ITLSH","linea internazionali","WORLD","Mondo","EUR","Europa","2018","2018",49342840,,
"IT","Italia","PASS","passeggeri trasportati","AR","arrivi","TOTAL","Totale","ITLNSH","charter internazionali","WORLD","Mondo","EUR","Europa","2017","2017",1392112,,
"IT","Italia","PASS","passeggeri trasportati","AR","arrivi","TOTAL","Totale","ITLNSH","charter internazionali","WORLD","Mondo","EUR","Europa","2018","2018",1530591,,
"IT","Italia","PASS","passeggeri trasportati","AR","arrivi","TOTAL","Totale","ITLSE","voli internazionali","WORLD","Mondo","EUR","Europa","2017","2017",47945227,,
"IT","Italia","PASS","passeggeri trasportati","AR","arrivi","TOTAL","Totale","ITLSE","voli internazionali","WORLD","Mondo","EUR","Europa","2018","2018",50873431,,
"IT","Italia","PASS","passeggeri trasportati","AR","arrivi","TOTAL","Totale","ITLSH","linea internazionali","WORLD","Mondo","ASI_OTH","Altri Paesi dell'Asia","2017","2017",1375215,,
"IT","Italia","PASS","passeggeri trasportati","AR","arrivi","TOTAL","Totale","ITLSH","linea internazionali","WORLD","Mondo","ASI_OTH","Altri Paesi dell'Asia","2018","2018",1505437,,
"IT","Italia","PASS","passeggeri trasportati","AR","arrivi","TOTAL","Totale","ITLNSH","charter internazionali","WORLD","Mondo","ASI_OTH","Altri Paesi dell'Asia","2017","2017",17200,,
"IT","Italia","PASS","passeggeri trasportati","AR","arrivi","TOTAL","Totale","ITLNSH","charter internazionali","WORLD","Mondo","ASI_OTH","Altri Paesi dell'Asia","2018","2018",2563,,
"IT","Italia","PASS","passeggeri trasportati","AR","arrivi","TOTAL","Totale","ITLSE","voli internazionali","WORLD","Mondo","ASI_OTH","Altri Paesi dell'Asia","2017","2017",1392415,,
"IT","Italia","PASS","passeggeri trasportati","AR","arrivi","TOTAL","Totale","ITLSE","voli internazionali","WORLD","Mondo","ASI_OTH","Altri Paesi dell'Asia","2018","2018",1508000,,
"IT","Italia","PASS","passeggeri trasportati","AR","arrivi","TOTAL","Totale","ITLSH","linea internazionali","WORLD","Mondo","AU","Australia","2017","2017",0,,
"IT","Italia","PASS","passeggeri trasportati","AR","arrivi","TOTAL","Totale","ITLSH","linea internazionali","WORLD","Mondo","AU","Australia","2018","2018",0,,
"IT","Italia","PASS","passeggeri trasportati","AR","arrivi","TOTAL","Totale","ITLNSH","charter internazionali","WORLD","Mondo","AU","Australia","2017","2017",0,,
"IT","Italia","PASS","passeggeri trasportati","AR","arrivi","TOTAL","Totale","ITLNSH","charter internazionali","WORLD","Mondo","AU","Australia","2018","2018",166,,
"IT","Italia","PASS","passeggeri trasportati","AR","arrivi","TOTAL","Totale","ITLSE","voli internazionali","WORLD","Mondo","AU","Australia","2017","2017",0,,
"IT","Italia","PASS","passeggeri trasportati","AR","arrivi","TOTAL","Totale","ITLSE","voli internazionali","WORLD","Mondo","AU","Australia","2018","2018",166,,
"IT","Italia","PASS","passeggeri trasportati","DE","partenze","TOTAL","Totale","ITLSH","linea internazionali","IT","Italia","ASI","Asia","2017","2017",749424,,
"IT","Italia","PASS","passeggeri trasportati","DE","partenze","TOTAL","Totale","ITLSH","linea internazionali","IT","Italia","ASI","Asia","2018","2018",727882,,
"IT","Italia","PASS","passeggeri trasportati","DE","partenze","TOTAL","Totale","ITLNSH","charter internazionali","IT","Italia","ASI","Asia","2017","2017",45244,,
"IT","Italia","PASS","passeggeri trasportati","DE","partenze","TOTAL","Totale","ITLNSH","charter internazionali","IT","Italia","ASI","Asia","2018","2018",21187,,
"IT","Italia","PASS","passeggeri trasportati","DE","partenze","TOTAL","Totale","ITLSE","voli internazionali","IT","Italia","ASI","Asia","2017","2017",794668,,
"IT","Italia","PASS","passeggeri trasportati","DE","partenze","TOTAL","Totale","ITLSE","voli internazionali","IT","Italia","ASI","Asia","2018","2018",749069,,
"IT","Italia","PASS","passeggeri trasportati","DE","partenze","TOTAL","Totale","ITLSH","linea internazionali","IT","Italia","EUR","Europa","2017","2017",4415501,,
"IT","Italia","PASS","passeggeri trasportati","DE","partenze","TOTAL","Totale","ITLSH","linea internazionali","IT","Italia","EUR","Europa","2018","2018",4409499,,
"IT","Italia","PASS","passeggeri trasportati","DE","partenze","TOTAL","Totale","ITLNSH","charter internazionali","IT","Italia","EUR","Europa","2017","2017",174315,,
"IT","Italia","PASS","passeggeri trasportati","DE","partenze","TOTAL","Totale","ITLNSH","charter internazionali","IT","Italia","EUR","Europa","2018","2018",119981,,
"IT","Italia","PASS","passeggeri trasportati","DE","partenze","TOTAL","Totale","ITLSE","voli internazionali","IT","Italia","EUR","Europa","2017","2017",4589816,,
"IT","Italia","PASS","passeggeri trasportati","DE","partenze","TOTAL","Totale","ITLSE","voli internazionali","IT","Italia","EUR","Europa","2018","2018",4529480,,
"IT","Italia","PASS","passeggeri trasportati","DE","partenze","TOTAL","Totale","ITLSH","linea internazionali","IT","Italia","ASI_OTH","Altri Paesi dell'Asia","2017","2017",304022,,
"IT","Italia","PASS","passeggeri trasportati","DE","partenze","TOTAL","Totale","ITLSH","linea internazionali","IT","Italia","ASI_OTH","Altri Paesi dell'Asia","2018","2018",353477,,
"IT","Italia","PASS","passeggeri trasportati","DE","partenze","TOTAL","Totale","ITLNSH","charter internazionali","IT","Italia","ASI_OTH","Altri Paesi dell'Asia","2017","2017",2469,,
"IT","Italia","PASS","passeggeri trasportati","DE","partenze","TOTAL","Totale","ITLNSH","charter internazionali","IT","Italia","ASI_OTH","Altri Paesi dell'Asia","2018","2018",1104,,
"IT","Italia","PASS","passeggeri trasportati","DE","partenze","TOTAL","Totale","ITLSE","voli internazionali","IT","Italia","ASI_OTH","Altri Paesi dell'Asia","2017","2017",306491,,
"IT","Italia","PASS","passeggeri trasportati","DE","partenze","TOTAL","Totale","ITLSE","voli internazionali","IT","Italia","ASI_OTH","Altri Paesi dell'Asia","2018","2018",354581,,
"IT","Italia","PASS","passeggeri trasportati","DE","partenze","TOTAL","Totale","ITLSH","linea internazionali","IT","Italia","AU","Australia","2017","2017",0,,
"IT","Italia","PASS","passeggeri trasportati","DE","partenze","TOTAL","Totale","ITLSH","linea internazionali","IT","Italia","AU","Australia","2018","2018",0,,
"IT","Italia","PASS","passeggeri trasportati","DE","partenze","TOTAL","Totale","ITLNSH","charter internazionali","IT","Italia","AU","Australia","2017","2017",0,,
"IT","Italia","PASS","passeggeri trasportati","DE","partenze","TOTAL","Totale","ITLNSH","charter internazionali","IT","Italia","AU","Australia","2018","2018",0,,
"IT","Italia","PASS","passeggeri trasportati","DE","partenze","TOTAL","Totale","ITLSE","voli internazionali","IT","Italia","AU","Australia","2017","2017",0,,
"IT","Italia","PASS","passeggeri trasportati","DE","partenze","TOTAL","Totale","ITLSE","voli internazionali","IT","Italia","AU","Australia","2018","2018",0,,
"IT","Italia","PASS","passeggeri trasportati","DE","partenze","TOTAL","Totale","ITLSH","linea internazionali","WORLD","Mondo","ASI","Asia","2017","2017",3917619,,
"IT","Italia","PASS","passeggeri trasportati","DE","partenze","TOTAL","Totale","ITLSH","linea internazionali","WORLD","Mondo","ASI","Asia","2018","2018",4217847,,
"IT","Italia","PASS","passeggeri trasportati","DE","partenze","TOTAL","Totale","ITLNSH","charter internazionali","WORLD","Mondo","ASI","Asia","2017","2017",91763,,
"IT","Italia","PASS","passeggeri trasportati","DE","partenze","TOTAL","Totale","ITLNSH","charter internazionali","WORLD","Mondo","ASI","Asia","2018","2018",74435,,
"IT","Italia","PASS","passeggeri trasportati","DE","partenze","TOTAL","Totale","ITLSE","voli internazionali","WORLD","Mondo","ASI","Asia","2017","2017",4009382,,
"IT","Italia","PASS","passeggeri trasportati","DE","partenze","TOTAL","Totale","ITLSE","voli internazionali","WORLD","Mondo","ASI","Asia","2018","2018",4292282,,
"IT","Italia","PASS","passeggeri trasportati","DE","partenze","TOTAL","Totale","ITLSH","linea internazionali","WORLD","Mondo","EUR","Europa","2017","2017",46610006,,
"IT","Italia","PASS","passeggeri trasportati","DE","partenze","TOTAL","Totale","ITLSH","linea internazionali","WORLD","Mondo","EUR","Europa","2018","2018",49479670,,
"IT","Italia","PASS","passeggeri trasportati","DE","partenze","TOTAL","Totale","ITLNSH","charter internazionali","WORLD","Mondo","EUR","Europa","2017","2017",1399755,,
"IT","Italia","PASS","passeggeri trasportati","DE","partenze","TOTAL","Totale","ITLNSH","charter internazionali","WORLD","Mondo","EUR","Europa","2018","2018",1523238,,
"IT","Italia","PASS","passeggeri trasportati","DE","partenze","TOTAL","Totale","ITLSE","voli internazionali","WORLD","Mondo","EUR","Europa","2017","2017",48009761,,
"IT","Italia","PASS","passeggeri trasportati","DE","partenze","TOTAL","Totale","ITLSE","voli internazionali","WORLD","Mondo","EUR","Europa","2018","2018",51002908,,
"IT","Italia","PASS","passeggeri trasportati","DE","partenze","TOTAL","Totale","ITLSH","linea internazionali","WORLD","Mondo","ASI_OTH","Altri Paesi dell'Asia","2017","2017",1421442,,
"IT","Italia","PASS","passeggeri trasportati","DE","partenze","TOTAL","Totale","ITLSH","linea internazionali","WORLD","Mondo","ASI_OTH","Altri Paesi dell'Asia","2018","2018",1552185,,
"IT","Italia","PASS","passeggeri trasportati","DE","partenze","TOTAL","Totale","ITLNSH","charter internazionali","WORLD","Mondo","ASI_OTH","Altri Paesi dell'Asia","2017","2017",15239,,
"IT","Italia","PASS","passeggeri trasportati","DE","partenze","TOTAL","Totale","ITLNSH","charter internazionali","WORLD","Mondo","ASI_OTH","Altri Paesi dell'Asia","2018","2018",2449,,
"IT","Italia","PASS","passeggeri trasportati","DE","partenze","TOTAL","Totale","ITLSE","voli internazionali","WORLD","Mondo","ASI_OTH","Altri Paesi dell'Asia","2017","2017",1436681,,
"IT","Italia","PASS","passeggeri trasportati","DE","partenze","TOTAL","Totale","ITLSE","voli internazionali","WORLD","Mondo","ASI_OTH","Altri Paesi dell'Asia","2018","2018",1554634,,
"IT","Italia","PASS","passeggeri trasportati","DE","partenze","TOTAL","Totale","ITLSH","linea internazionali","WORLD","Mondo","AU","Australia","2017","2017",0,,
"IT","Italia","PASS","passeggeri trasportati","DE","partenze","TOTAL","Totale","ITLSH","linea internazionali","WORLD","Mondo","AU","Australia","2018","2018",0,,
"IT","Italia","PASS","passeggeri trasportati","DE","partenze","TOTAL","Totale","ITLNSH","charter internazionali","WORLD","Mondo","AU","Australia","2017","2017",0,,
"IT","Italia","PASS","passeggeri trasportati","DE","partenze","TOTAL","Totale","ITLNSH","charter internazionali","WORLD","Mondo","AU","Australia","2018","2018",0,,
"IT","Italia","PASS","passeggeri trasportati","DE","partenze","TOTAL","Totale","ITLSE","voli internazionali","WORLD","Mondo","AU","Australia","2017","2017",0,,
"IT","Italia","PASS","passeggeri trasportati","DE","partenze","TOTAL","Totale","ITLSE","voli internazionali","WORLD","Mondo","AU","Australia","2018","2018",0,,
"IT","Italia","FLIGHT","movimenti commerciali","ALL","Totale","TOTAL","Totale","ITLSH","linea internazionali","IT","Italia","ASI","Asia","2017","2017",9500,,
"IT","Italia","FLIGHT","movimenti commerciali","ALL","Totale","TOTAL","Totale","ITLSH","linea internazionali","IT","Italia","ASI","Asia","2018","2018",9936,,
"IT","Italia","PASS","passeggeri trasportati","ALL","Totale","TOTAL","Totale","ITLSH","linea internazionali","IT","Italia","ASI","Asia","2017","2017",1496433,,
"IT","Italia","PASS","passeggeri trasportati","ALL","Totale","TOTAL","Totale","ITLSH","linea internazionali","IT","Italia","ASI","Asia","2018","2018",1449662,,
"IT","Italia","FLIGHT","movimenti commerciali","ALL","Totale","TOTAL","Totale","ITLNSH","charter internazionali","IT","Italia","ASI","Asia","2017","2017",723,,
"IT","Italia","FLIGHT","movimenti commerciali","ALL","Totale","TOTAL","Totale","ITLNSH","charter internazionali","IT","Italia","ASI","Asia","2018","2018",465,,
"IT","Italia","PASS","passeggeri trasportati","ALL","Totale","TOTAL","Totale","ITLNSH","charter internazionali","IT","Italia","ASI","Asia","2017","2017",91437,,
"IT","Italia","PASS","passeggeri trasportati","ALL","Totale","TOTAL","Totale","ITLNSH","charter internazionali","IT","Italia","ASI","Asia","2018","2018",44549,,
"IT","Italia","FLIGHT","movimenti commerciali","ALL","Totale","TOTAL","Totale","ITLSE","voli internazionali","IT","Italia","ASI","Asia","2017","2017",10223,,
"IT","Italia","FLIGHT","movimenti commerciali","ALL","Totale","TOTAL","Totale","ITLSE","voli internazionali","IT","Italia","ASI","Asia","2018","2018",10401,,
"IT","Italia","PASS","passeggeri trasportati","ALL","Totale","TOTAL","Totale","ITLSE","voli internazionali","IT","Italia","ASI","Asia","2017","2017",1587870,,
"IT","Italia","PASS","passeggeri trasportati","ALL","Totale","TOTAL","Totale","ITLSE","voli internazionali","IT","Italia","ASI","Asia","2018","2018",1494211,,
"IT","Italia","FLIGHT","movimenti commerciali","ALL","Totale","TOTAL","Totale","ITLSH","linea internazionali","IT","Italia","EUR","Europa","2017","2017",83933,,
"IT","Italia","FLIGHT","movimenti commerciali","ALL","Totale","TOTAL","Totale","ITLSH","linea internazionali","IT","Italia","EUR","Europa","2018","2018",86815,,
"IT","Italia","PASS","passeggeri trasportati","ALL","Totale","TOTAL","Totale","ITLSH","linea internazionali","IT","Italia","EUR","Europa","2017","2017",8850677,,
"IT","Italia","PASS","passeggeri trasportati","ALL","Totale","TOTAL","Totale","ITLSH","linea internazionali","IT","Italia","EUR","Europa","2018","2018",8821853,,
"IT","Italia","FLIGHT","movimenti commerciali","ALL","Totale","TOTAL","Totale","ITLNSH","charter internazionali","IT","Italia","EUR","Europa","2017","2017",2613,,
"IT","Italia","FLIGHT","movimenti commerciali","ALL","Totale","TOTAL","Totale","ITLNSH","charter internazionali","IT","Italia","EUR","Europa","2018","2018",1812,,
"IT","Italia","PASS","passeggeri trasportati","ALL","Totale","TOTAL","Totale","ITLNSH","charter internazionali","IT","Italia","EUR","Europa","2017","2017",345523,,
"IT","Italia","PASS","passeggeri trasportati","ALL","Totale","TOTAL","Totale","ITLNSH","charter internazionali","IT","Italia","EUR","Europa","2018","2018",237370,,
"IT","Italia","FLIGHT","movimenti commerciali","ALL","Totale","TOTAL","Totale","ITLSE","voli internazionali","IT","Italia","EUR","Europa","2017","2017",86546,,
"IT","Italia","FLIGHT","movimenti commerciali","ALL","Totale","TOTAL","Totale","ITLSE","voli internazionali","IT","Italia","EUR","Europa","2018","2018",88627,,
"IT","Italia","PASS","passeggeri trasportati","ALL","Totale","TOTAL","Totale","ITLSE","voli internazionali","IT","Italia","EUR","Europa","2017","2017",9196200,,
"IT","Italia","PASS","passeggeri trasportati","ALL","Totale","TOTAL","Totale","ITLSE","voli internazionali","IT","Italia","EUR","Europa","2018","2018",9059223,,
"IT","Italia","FLIGHT","movimenti commerciali","ALL","Totale","TOTAL","Totale","ITLSH","linea internazionali","IT","Italia","ASI_OTH","Altri Paesi dell'Asia","2017","2017",3299,,
"IT","Italia","FLIGHT","movimenti commerciali","ALL","Totale","TOTAL","Totale","ITLSH","linea internazionali","IT","Italia","ASI_OTH","Altri Paesi dell'Asia","2018","2018",4198,,
"IT","Italia","PASS","passeggeri trasportati","ALL","Totale","TOTAL","Totale","ITLSH","linea internazionali","IT","Italia","ASI_OTH","Altri Paesi dell'Asia","2017","2017",594150,,
"IT","Italia","PASS","passeggeri trasportati","ALL","Totale","TOTAL","Totale","ITLSH","linea internazionali","IT","Italia","ASI_OTH","Altri Paesi dell'Asia","2018","2018",704429,,
"IT","Italia","FLIGHT","movimenti commerciali","ALL","Totale","TOTAL","Totale","ITLNSH","charter internazionali","IT","Italia","ASI_OTH","Altri Paesi dell'Asia","2017","2017",31,,
"IT","Italia","FLIGHT","movimenti commerciali","ALL","Totale","TOTAL","Totale","ITLNSH","charter internazionali","IT","Italia","ASI_OTH","Altri Paesi dell'Asia","2018","2018",9,,
"IT","Italia","PASS","passeggeri trasportati","ALL","Totale","TOTAL","Totale","ITLNSH","charter internazionali","IT","Italia","ASI_OTH","Altri Paesi dell'Asia","2017","2017",6355,,
"IT","Italia","PASS","passeggeri trasportati","ALL","Totale","TOTAL","Totale","ITLNSH","charter internazionali","IT","Italia","ASI_OTH","Altri Paesi dell'Asia","2018","2018",1892,,
"IT","Italia","FLIGHT","movimenti commerciali","ALL","Totale","TOTAL","Totale","ITLSE","voli internazionali","IT","Italia","ASI_OTH","Altri Paesi dell'Asia","2017","2017",3330,,
"IT","Italia","FLIGHT","movimenti commerciali","ALL","Totale","TOTAL","Totale","ITLSE","voli internazionali","IT","Italia","ASI_OTH","Altri Paesi dell'Asia","2018","2018",4207,,
"IT","Italia","PASS","passeggeri trasportati","ALL","Totale","TOTAL","Totale","ITLSE","voli internazionali","IT","Italia","ASI_OTH","Altri Paesi dell'Asia","2017","2017",600505,,
"IT","Italia","PASS","passeggeri trasportati","ALL","Totale","TOTAL","Totale","ITLSE","voli internazionali","IT","Italia","ASI_OTH","Altri Paesi dell'Asia","2018","2018",706321,,
"IT","Italia","FLIGHT","movimenti commerciali","ALL","Totale","TOTAL","Totale","ITLSH","linea internazionali","IT","Italia","AU","Australia","2017","2017",0,,
"IT","Italia","FLIGHT","movimenti commerciali","ALL","Totale","TOTAL","Totale","ITLSH","linea internazionali","IT","Italia","AU","Australia","2018","2018",0,,
"IT","Italia","PASS","passeggeri trasportati","ALL","Totale","TOTAL","Totale","ITLSH","linea internazionali","IT","Italia","AU","Australia","2017","2017",0,,
"IT","Italia","PASS","passeggeri trasportati","ALL","Totale","TOTAL","Totale","ITLSH","linea internazionali","IT","Italia","AU","Australia","2018","2018",0,,
"IT","Italia","FLIGHT","movimenti commerciali","ALL","Totale","TOTAL","Totale","ITLNSH","charter internazionali","IT","Italia","AU","Australia","2017","2017",0,,
"IT","Italia","FLIGHT","movimenti commerciali","ALL","Totale","TOTAL","Totale","ITLNSH","charter internazionali","IT","Italia","AU","Australia","2018","2018",0,,
"IT","Italia","PASS","passeggeri trasportati","ALL","Totale","TOTAL","Totale","ITLNSH","charter internazionali","IT","Italia","AU","Australia","2017","2017",0,,
"IT","Italia","PASS","passeggeri trasportati","ALL","Totale","TOTAL","Totale","ITLNSH","charter internazionali","IT","Italia","AU","Australia","2018","2018",0,,
"IT","Italia","FLIGHT","movimenti commerciali","ALL","Totale","TOTAL","Totale","ITLSE","voli internazionali","IT","Italia","AU","Australia","2017","2017",0,,
"IT","Italia","FLIGHT","movimenti commerciali","ALL","Totale","TOTAL","Totale","ITLSE","voli internazionali","IT","Italia","AU","Australia","2018","2018",0,,
"IT","Italia","PASS","passeggeri trasportati","ALL","Totale","TOTAL","Totale","ITLSE","voli internazionali","IT","Italia","AU","Australia","2017","2017",0,,
"IT","Italia","PASS","passeggeri trasportati","ALL","Totale","TOTAL","Totale","ITLSE","voli internazionali","IT","Italia","AU","Australia","2018","2018",0,,
"IT","Italia","FLIGHT","movimenti commerciali","ALL","Totale","TOTAL","Totale","ITLSH","linea internazionali","WORLD","Mondo","ASI","Asia","2017","2017",44415,,
"IT","Italia","FLIGHT","movimenti commerciali","ALL","Totale","TOTAL","Totale","ITLSH","linea internazionali","WORLD","Mondo","ASI","Asia","2018","2018",45858,,
"IT","Italia","PASS","passeggeri trasportati","ALL","Totale","TOTAL","Totale","ITLSH","linea internazionali","WORLD","Mondo","ASI","Asia","2017","2017",7811475,,
"IT","Italia","PASS","passeggeri trasportati","ALL","Totale","TOTAL","Totale","ITLSH","linea internazionali","WORLD","Mondo","ASI","Asia","2018","2018",8410604,,
"IT","Italia","FLIGHT","movimenti commerciali","ALL","Totale","TOTAL","Totale","ITLNSH","charter internazionali","WORLD","Mondo","ASI","Asia","2017","2017",2141,,
"IT","Italia","FLIGHT","movimenti commerciali","ALL","Totale","TOTAL","Totale","ITLNSH","charter internazionali","WORLD","Mondo","ASI","Asia","2018","2018",1611,,
"IT","Italia","PASS","passeggeri trasportati","ALL","Totale","TOTAL","Totale","ITLNSH","charter internazionali","WORLD","Mondo","ASI","Asia","2017","2017",185177,,
"IT","Italia","PASS","passeggeri trasportati","ALL","Totale","TOTAL","Totale","ITLNSH","charter internazionali","WORLD","Mondo","ASI","Asia","2018","2018",150323,,
"IT","Italia","FLIGHT","movimenti commerciali","ALL","Totale","TOTAL","Totale","ITLSE","voli internazionali","WORLD","Mondo","ASI","Asia","2017","2017",46556,,
"IT","Italia","FLIGHT","movimenti commerciali","ALL","Totale","TOTAL","Totale","ITLSE","voli internazionali","WORLD","Mondo","ASI","Asia","2018","2018",47469,,
"IT","Italia","PASS","passeggeri trasportati","ALL","Totale","TOTAL","Totale","ITLSE","voli internazionali","WORLD","Mondo","ASI","Asia","2017","2017",7996652,,
"IT","Italia","PASS","passeggeri trasportati","ALL","Totale","TOTAL","Totale","ITLSE","voli internazionali","WORLD","Mondo","ASI","Asia","2018","2018",8560927,,
"IT","Italia","FLIGHT","movimenti commerciali","ALL","Totale","TOTAL","Totale","ITLSH","linea internazionali","WORLD","Mondo","EUR","Europa","2017","2017",724007,,
"IT","Italia","FLIGHT","movimenti commerciali","ALL","Totale","TOTAL","Totale","ITLSH","linea internazionali","WORLD","Mondo","EUR","Europa","2018","2018",754100,,
"IT","Italia","PASS","passeggeri trasportati","ALL","Totale","TOTAL","Totale","ITLSH","linea internazionali","WORLD","Mondo","EUR","Europa","2017","2017",93163121,,
"IT","Italia","PASS","passeggeri trasportati","ALL","Totale","TOTAL","Totale","ITLSH","linea internazionali","WORLD","Mondo","EUR","Europa","2018","2018",98822510,,
"IT","Italia","FLIGHT","movimenti commerciali","ALL","Totale","TOTAL","Totale","ITLNSH","charter internazionali","WORLD","Mondo","EUR","Europa","2017","2017",28660,,
"IT","Italia","FLIGHT","movimenti commerciali","ALL","Totale","TOTAL","Totale","ITLNSH","charter internazionali","WORLD","Mondo","EUR","Europa","2018","2018",31674,,
"IT","Italia","PASS","passeggeri trasportati","ALL","Totale","TOTAL","Totale","ITLNSH","charter internazionali","WORLD","Mondo","EUR","Europa","2017","2017",2791867,,
"IT","Italia","PASS","passeggeri trasportati","ALL","Totale","TOTAL","Totale","ITLNSH","charter internazionali","WORLD","Mondo","EUR","Europa","2018","2018",3053829,,
"IT","Italia","FLIGHT","movimenti commerciali","ALL","Totale","TOTAL","Totale","ITLSE","voli internazionali","WORLD","Mondo","EUR","Europa","2017","2017",752667,,
"IT","Italia","FLIGHT","movimenti commerciali","ALL","Totale","TOTAL","Totale","ITLSE","voli internazionali","WORLD","Mondo","EUR","Europa","2018","2018",785774,,
"IT","Italia","PASS","passeggeri trasportati","ALL","Totale","TOTAL","Totale","ITLSE","voli internazionali","WORLD","Mondo","EUR","Europa","2017","2017",95954988,,
"IT","Italia","PASS","passeggeri trasportati","ALL","Totale","TOTAL","Totale","ITLSE","voli internazionali","WORLD","Mondo","EUR","Europa","2018","2018",101876339,,
"IT","Italia","FLIGHT","movimenti commerciali","ALL","Totale","TOTAL","Totale","ITLSH","linea internazionali","WORLD","Mondo","ASI_OTH","Altri Paesi dell'Asia","2017","2017",15332,,
"IT","Italia","FLIGHT","movimenti commerciali","ALL","Totale","TOTAL","Totale","ITLSH","linea internazionali","WORLD","Mondo","ASI_OTH","Altri Paesi dell'Asia","2018","2018",16213,,
"IT","Italia","PASS","passeggeri trasportati","ALL","Totale","TOTAL","Totale","ITLSH","linea internazionali","WORLD","Mondo","ASI_OTH","Altri Paesi dell'Asia","2017","2017",2796657,,
"IT","Italia","PASS","passeggeri trasportati","ALL","Totale","TOTAL","Totale","ITLSH","linea internazionali","WORLD","Mondo","ASI_OTH","Altri Paesi dell'Asia","2018","2018",3057622,,
"IT","Italia","FLIGHT","movimenti commerciali","ALL","Totale","TOTAL","Totale","ITLNSH","charter internazionali","WORLD","Mondo","ASI_OTH","Altri Paesi dell'Asia","2017","2017",472,,
"IT","Italia","FLIGHT","movimenti commerciali","ALL","Totale","TOTAL","Totale","ITLNSH","charter internazionali","WORLD","Mondo","ASI_OTH","Altri Paesi dell'Asia","2018","2018",113,,
"IT","Italia","PASS","passeggeri trasportati","ALL","Totale","TOTAL","Totale","ITLNSH","charter internazionali","WORLD","Mondo","ASI_OTH","Altri Paesi dell'Asia","2017","2017",32439,,
"IT","Italia","PASS","passeggeri trasportati","ALL","Totale","TOTAL","Totale","ITLNSH","charter internazionali","WORLD","Mondo","ASI_OTH","Altri Paesi dell'Asia","2018","2018",5012,,
"IT","Italia","FLIGHT","movimenti commerciali","ALL","Totale","TOTAL","Totale","ITLSE","voli internazionali","WORLD","Mondo","ASI_OTH","Altri Paesi dell'Asia","2017","2017",15804,,
"IT","Italia","FLIGHT","movimenti commerciali","ALL","Totale","TOTAL","Totale","ITLSE","voli internazionali","WORLD","Mondo","ASI_OTH","Altri Paesi dell'Asia","2018","2018",16326,,
"IT","Italia","PASS","passeggeri trasportati","ALL","Totale","TOTAL","Totale","ITLSE","voli internazionali","WORLD","Mondo","ASI_OTH","Altri Paesi dell'Asia","2017","2017",2829096,,
"IT","Italia","PASS","passeggeri trasportati","ALL","Totale","TOTAL","Totale","ITLSE","voli internazionali","WORLD","Mondo","ASI_OTH","Altri Paesi dell'Asia","2018","2018",3062634,,
"IT","Italia","FLIGHT","movimenti commerciali","ALL","Totale","TOTAL","Totale","ITLSH","linea internazionali","WORLD","Mondo","AU","Australia","2017","2017",0,,
"IT","Italia","FLIGHT","movimenti commerciali","ALL","Totale","TOTAL","Totale","ITLSH","linea internazionali","WORLD","Mondo","AU","Australia","2018","2018",0,,
"IT","Italia","PASS","passeggeri trasportati","ALL","Totale","TOTAL","Totale","ITLSH","linea internazionali","WORLD","Mondo","AU","Australia","2017","2017",0,,
"IT","Italia","PASS","passeggeri trasportati","ALL","Totale","TOTAL","Totale","ITLSH","linea internazionali","WORLD","Mondo","AU","Australia","2018","2018",0,,
"IT","Italia","FLIGHT","movimenti commerciali","ALL","Totale","TOTAL","Totale","ITLNSH","charter internazionali","WORLD","Mondo","AU","Australia","2017","2017",0,,
"IT","Italia","FLIGHT","movimenti commerciali","ALL","Totale","TOTAL","Totale","ITLNSH","charter internazionali","WORLD","Mondo","AU","Australia","2018","2018",1,,
"IT","Italia","PASS","passeggeri trasportati","ALL","Totale","TOTAL","Totale","ITLNSH","charter internazionali","WORLD","Mondo","AU","Australia","2017","2017",0,,
"IT","Italia","PASS","passeggeri trasportati","ALL","Totale","TOTAL","Totale","ITLNSH","charter internazionali","WORLD","Mondo","AU","Australia","2018","2018",166,,
"IT","Italia","FLIGHT","movimenti commerciali","ALL","Totale","TOTAL","Totale","ITLSE","voli internazionali","WORLD","Mondo","AU","Australia","2017","2017",0,,
"IT","Italia","FLIGHT","movimenti commerciali","ALL","Totale","TOTAL","Totale","ITLSE","voli internazionali","WORLD","Mondo","AU","Australia","2018","2018",1,,
"IT","Italia","PASS","passeggeri trasportati","ALL","Totale","TOTAL","Totale","ITLSE","voli internazionali","WORLD","Mondo","AU","Australia","2017","2017",0,,
"IT","Italia","PASS","passeggeri trasportati","ALL","Totale","TOTAL","Totale","ITLSE","voli internazionali","WORLD","Mondo","AU","Australia","2018","2018",166,,
"IT","Italia","T","merce e posta trasportate - tonnellate","AR","arrivi","TOTAL","Totale","ITLSH","linea internazionali","IT","Italia","ASI","Asia","2017","2017",35820,,
"IT","Italia","T","merce e posta trasportate - tonnellate","AR","arrivi","TOTAL","Totale","ITLSH","linea internazionali","IT","Italia","ASI","Asia","2018","2018",37660,,
"IT","Italia","T","merce e posta trasportate - tonnellate","AR","arrivi","TOTAL","Totale","ITLNSH","charter internazionali","IT","Italia","ASI","Asia","2017","2017",1,,
"IT","Italia","T","merce e posta trasportate - tonnellate","AR","arrivi","TOTAL","Totale","ITLNSH","charter internazionali","IT","Italia","ASI","Asia","2018","2018",4,,
"IT","Italia","T","merce e posta trasportate - tonnellate","AR","arrivi","TOTAL","Totale","ITLSE","voli internazionali","IT","Italia","ASI","Asia","2017","2017",35821,,
"IT","Italia","T","merce e posta trasportate - tonnellate","AR","arrivi","TOTAL","Totale","ITLSE","voli internazionali","IT","Italia","ASI","Asia","2018","2018",37664,,
"IT","Italia","T","merce e posta trasportate - tonnellate","AR","arrivi","TOTAL","Totale","ITLSH","linea internazionali","IT","Italia","EUR","Europa","2017","2017",12755,,
"IT","Italia","T","merce e posta trasportate - tonnellate","AR","arrivi","TOTAL","Totale","ITLSH","linea internazionali","IT","Italia","EUR","Europa","2018","2018",13729,,
"IT","Italia","T","merce e posta trasportate - tonnellate","AR","arrivi","TOTAL","Totale","ITLNSH","charter internazionali","IT","Italia","EUR","Europa","2017","2017",6,,
"IT","Italia","T","merce e posta trasportate - tonnellate","AR","arrivi","TOTAL","Totale","ITLNSH","charter internazionali","IT","Italia","EUR","Europa","2018","2018",1,,
"IT","Italia","T","merce e posta trasportate - tonnellate","AR","arrivi","TOTAL","Totale","ITLSE","voli internazionali","IT","Italia","EUR","Europa","2017","2017",12761,,
"IT","Italia","T","merce e posta trasportate - tonnellate","AR","arrivi","TOTAL","Totale","ITLSE","voli internazionali","IT","Italia","EUR","Europa","2018","2018",13730,,
"IT","Italia","T","merce e posta trasportate - tonnellate","AR","arrivi","TOTAL","Totale","ITLSH","linea internazionali","IT","Italia","ASI_OTH","Altri Paesi dell'Asia","2017","2017",32333,,
"IT","Italia","T","merce e posta trasportate - tonnellate","AR","arrivi","TOTAL","Totale","ITLSH","linea internazionali","IT","Italia","ASI_OTH","Altri Paesi dell'Asia","2018","2018",36737,,
"IT","Italia","T","merce e posta trasportate - tonnellate","AR","arrivi","TOTAL","Totale","ITLNSH","charter internazionali","IT","Italia","ASI_OTH","Altri Paesi dell'Asia","2017","2017",0,,
"IT","Italia","T","merce e posta trasportate - tonnellate","AR","arrivi","TOTAL","Totale","ITLNSH","charter internazionali","IT","Italia","ASI_OTH","Altri Paesi dell'Asia","2018","2018",0,,
"IT","Italia","T","merce e posta trasportate - tonnellate","AR","arrivi","TOTAL","Totale","ITLSE","voli internazionali","IT","Italia","ASI_OTH","Altri Paesi dell'Asia","2017","2017",32333,,
"IT","Italia","T","merce e posta trasportate - tonnellate","AR","arrivi","TOTAL","Totale","ITLSE","voli internazionali","IT","Italia","ASI_OTH","Altri Paesi dell'Asia","2018","2018",36737,,
"IT","Italia","T","merce e posta trasportate - tonnellate","AR","arrivi","TOTAL","Totale","ITLSH","linea internazionali","IT","Italia","AU","Australia","2017","2017",0,,
"IT","Italia","T","merce e posta trasportate - tonnellate","AR","arrivi","TOTAL","Totale","ITLSH","linea internazionali","IT","Italia","AU","Australia","2018","2018",0,,
"IT","Italia","T","merce e posta trasportate - tonnellate","AR","arrivi","TOTAL","Totale","ITLNSH","charter internazionali","IT","Italia","AU","Australia","2017","2017",0,,
"IT","Italia","T","merce e posta trasportate - tonnellate","AR","arrivi","TOTAL","Totale","ITLNSH","charter internazionali","IT","Italia","AU","Australia","2018","2018",0,,
"IT","Italia","T","merce e posta trasportate - tonnellate","AR","arrivi","TOTAL","Totale","ITLSE","voli internazionali","IT","Italia","AU","Australia","2017","2017",0,,
"IT","Italia","T","merce e posta trasportate - tonnellate","AR","arrivi","TOTAL","Totale","ITLSE","voli internazionali","IT","Italia","AU","Australia","2018","2018",0,,
"IT","Italia","T","merce e posta trasportate - tonnellate","AR","arrivi","TOTAL","Totale","ITLSH","linea internazionali","WORLD","Mondo","ASI","Asia","2017","2017",173674,,
"IT","Italia","T","merce e posta trasportate - tonnellate","AR","arrivi","TOTAL","Totale","ITLSH","linea internazionali","WORLD","Mondo","ASI","Asia","2018","2018",182687,,
"IT","Italia","T","merce e posta trasportate - tonnellate","AR","arrivi","TOTAL","Totale","ITLNSH","charter internazionali","WORLD","Mondo","ASI","Asia","2017","2017",14694,,
"IT","Italia","T","merce e posta trasportate - tonnellate","AR","arrivi","TOTAL","Totale","ITLNSH","charter internazionali","WORLD","Mondo","ASI","Asia","2018","2018",4801,,
"IT","Italia","T","merce e posta trasportate - tonnellate","AR","arrivi","TOTAL","Totale","ITLSE","voli internazionali","WORLD","Mondo","ASI","Asia","2017","2017",188368,,
"IT","Italia","T","merce e posta trasportate - tonnellate","AR","arrivi","TOTAL","Totale","ITLSE","voli internazionali","WORLD","Mondo","ASI","Asia","2018","2018",187488,,
"IT","Italia","T","merce e posta trasportate - tonnellate","AR","arrivi","TOTAL","Totale","ITLSH","linea internazionali","WORLD","Mondo","EUR","Europa","2017","2017",108896,,
"IT","Italia","T","merce e posta trasportate - tonnellate","AR","arrivi","TOTAL","Totale","ITLSH","linea internazionali","WORLD","Mondo","EUR","Europa","2018","2018",120907,,
"IT","Italia","T","merce e posta trasportate - tonnellate","AR","arrivi","TOTAL","Totale","ITLNSH","charter internazionali","WORLD","Mondo","EUR","Europa","2017","2017",56865,,
"IT","Italia","T","merce e posta trasportate - tonnellate","AR","arrivi","TOTAL","Totale","ITLNSH","charter internazionali","WORLD","Mondo","EUR","Europa","2018","2018",52889,,
"IT","Italia","T","merce e posta trasportate - tonnellate","AR","arrivi","TOTAL","Totale","ITLSE","voli internazionali","WORLD","Mondo","EUR","Europa","2017","2017",165761,,
"IT","Italia","T","merce e posta trasportate - tonnellate","AR","arrivi","TOTAL","Totale","ITLSE","voli internazionali","WORLD","Mondo","EUR","Europa","2018","2018",173796,,
"IT","Italia","T","merce e posta trasportate - tonnellate","AR","arrivi","TOTAL","Totale","ITLSH","linea internazionali","WORLD","Mondo","ASI_OTH","Altri Paesi dell'Asia","2017","2017",86049,,
"IT","Italia","T","merce e posta trasportate - tonnellate","AR","arrivi","TOTAL","Totale","ITLSH","linea internazionali","WORLD","Mondo","ASI_OTH","Altri Paesi dell'Asia","2018","2018",89934,,
"IT","Italia","T","merce e posta trasportate - tonnellate","AR","arrivi","TOTAL","Totale","ITLNSH","charter internazionali","WORLD","Mondo","ASI_OTH","Altri Paesi dell'Asia","2017","2017",3256,,
"IT","Italia","T","merce e posta trasportate - tonnellate","AR","arrivi","TOTAL","Totale","ITLNSH","charter internazionali","WORLD","Mondo","ASI_OTH","Altri Paesi dell'Asia","2018","2018",810,,
"IT","Italia","T","merce e posta trasportate - tonnellate","AR","arrivi","TOTAL","Totale","ITLSE","voli internazionali","WORLD","Mondo","ASI_OTH","Altri Paesi dell'Asia","2017","2017",89305,,
"IT","Italia","T","merce e posta trasportate - tonnellate","AR","arrivi","TOTAL","Totale","ITLSE","voli internazionali","WORLD","Mondo","ASI_OTH","Altri Paesi dell'Asia","2018","2018",90744,,
"IT","Italia","T","merce e posta trasportate - tonnellate","AR","arrivi","TOTAL","Totale","ITLSH","linea internazionali","WORLD","Mondo","AU","Australia","2017","2017",0,,
"IT","Italia","T","merce e posta trasportate - tonnellate","AR","arrivi","TOTAL","Totale","ITLSH","linea internazionali","WORLD","Mondo","AU","Australia","2018","2018",0,,
"IT","Italia","T","merce e posta trasportate - tonnellate","AR","arrivi","TOTAL","Totale","ITLNSH","charter internazionali","WORLD","Mondo","AU","Australia","2017","2017",0,,
"IT","Italia","T","merce e posta trasportate - tonnellate","AR","arrivi","TOTAL","Totale","ITLNSH","charter internazionali","WORLD","Mondo","AU","Australia","2018","2018",0,,
"IT","Italia","T","merce e posta trasportate - tonnellate","AR","arrivi","TOTAL","Totale","ITLSE","voli internazionali","WORLD","Mondo","AU","Australia","2017","2017",0,,
"IT","Italia","T","merce e posta trasportate - tonnellate","AR","arrivi","TOTAL","Totale","ITLSE","voli internazionali","WORLD","Mondo","AU","Australia","2018","2018",0,,
"IT","Italia","T","merce e posta trasportate - tonnellate","DE","partenze","TOTAL","Totale","ITLSH","linea internazionali","IT","Italia","ASI","Asia","2017","2017",34699,,
"IT","Italia","T","merce e posta trasportate - tonnellate","DE","partenze","TOTAL","Totale","ITLSH","linea internazionali","IT","Italia","ASI","Asia","2018","2018",31253,,
"IT","Italia","T","merce e posta trasportate - tonnellate","DE","partenze","TOTAL","Totale","ITLNSH","charter internazionali","IT","Italia","ASI","Asia","2017","2017",1,,
"IT","Italia","T","merce e posta trasportate - tonnellate","DE","partenze","TOTAL","Totale","ITLNSH","charter internazionali","IT","Italia","ASI","Asia","2018","2018",5,,
"IT","Italia","T","merce e posta trasportate - tonnellate","DE","partenze","TOTAL","Totale","ITLSE","voli internazionali","IT","Italia","ASI","Asia","2017","2017",34700,,
"IT","Italia","T","merce e posta trasportate - tonnellate","DE","partenze","TOTAL","Totale","ITLSE","voli internazionali","IT","Italia","ASI","Asia","2018","2018",31258,,
"IT","Italia","T","merce e posta trasportate - tonnellate","DE","partenze","TOTAL","Totale","ITLSH","linea internazionali","IT","Italia","EUR","Europa","2017","2017",15646,,
"IT","Italia","T","merce e posta trasportate - tonnellate","DE","partenze","TOTAL","Totale","ITLSH","linea internazionali","IT","Italia","EUR","Europa","2018","2018",15862,,
"IT","Italia","T","merce e posta trasportate - tonnellate","DE","partenze","TOTAL","Totale","ITLNSH","charter internazionali","IT","Italia","EUR","Europa","2017","2017",176,,
"IT","Italia","T","merce e posta trasportate - tonnellate","DE","partenze","TOTAL","Totale","ITLNSH","charter internazionali","IT","Italia","EUR","Europa","2018","2018",98,,
"IT","Italia","T","merce e posta trasportate - tonnellate","DE","partenze","TOTAL","Totale","ITLSE","voli internazionali","IT","Italia","EUR","Europa","2017","2017",15822,,
"IT","Italia","T","merce e posta trasportate - tonnellate","DE","partenze","TOTAL","Totale","ITLSE","voli internazionali","IT","Italia","EUR","Europa","2018","2018",15960,,
"IT","Italia","T","merce e posta trasportate - tonnellate","DE","partenze","TOTAL","Totale","ITLSH","linea internazionali","IT","Italia","ASI_OTH","Altri Paesi dell'Asia","2017","2017",29535,,
"IT","Italia","T","merce e posta trasportate - tonnellate","DE","partenze","TOTAL","Totale","ITLSH","linea internazionali","IT","Italia","ASI_OTH","Altri Paesi dell'Asia","2018","2018",29859,,
"IT","Italia","T","merce e posta trasportate - tonnellate","DE","partenze","TOTAL","Totale","ITLNSH","charter internazionali","IT","Italia","ASI_OTH","Altri Paesi dell'Asia","2017","2017",0,,
"IT","Italia","T","merce e posta trasportate - tonnellate","DE","partenze","TOTAL","Totale","ITLNSH","charter internazionali","IT","Italia","ASI_OTH","Altri Paesi dell'Asia","2018","2018",0,,
"IT","Italia","T","merce e posta trasportate - tonnellate","DE","partenze","TOTAL","Totale","ITLSE","voli internazionali","IT","Italia","ASI_OTH","Altri Paesi dell'Asia","2017","2017",29535,,
"IT","Italia","T","merce e posta trasportate - tonnellate","DE","partenze","TOTAL","Totale","ITLSE","voli internazionali","IT","Italia","ASI_OTH","Altri Paesi dell'Asia","2018","2018",29859,,
"IT","Italia","T","merce e posta trasportate - tonnellate","DE","partenze","TOTAL","Totale","ITLSH","linea internazionali","IT","Italia","AU","Australia","2017","2017",0,,
"IT","Italia","T","merce e posta trasportate - tonnellate","DE","partenze","TOTAL","Totale","ITLSH","linea internazionali","IT","Italia","AU","Australia","2018","2018",0,,
"IT","Italia","T","merce e posta trasportate - tonnellate","DE","partenze","TOTAL","Totale","ITLNSH","charter internazionali","IT","Italia","AU","Australia","2017","2017",0,,
"IT","Italia","T","merce e posta trasportate - tonnellate","DE","partenze","TOTAL","Totale","ITLNSH","charter internazionali","IT","Italia","AU","Australia","2018","2018",0,,
"IT","Italia","T","merce e posta trasportate - tonnellate","DE","partenze","TOTAL","Totale","ITLSE","voli internazionali","IT","Italia","AU","Australia","2017","2017",0,,
"IT","Italia","T","merce e posta trasportate - tonnellate","DE","partenze","TOTAL","Totale","ITLSE","voli internazionali","IT","Italia","AU","Australia","2018","2018",0,,
"IT","Italia","T","merce e posta trasportate - tonnellate","DE","partenze","TOTAL","Totale","ITLSH","linea internazionali","WORLD","Mondo","ASI","Asia","2017","2017",243994,,
"IT","Italia","T","merce e posta trasportate - tonnellate","DE","partenze","TOTAL","Totale","ITLSH","linea internazionali","WORLD","Mondo","ASI","Asia","2018","2018",242420,,
"IT","Italia","T","merce e posta trasportate - tonnellate","DE","partenze","TOTAL","Totale","ITLNSH","charter internazionali","WORLD","Mondo","ASI","Asia","2017","2017",20651,,
"IT","Italia","T","merce e posta trasportate - tonnellate","DE","partenze","TOTAL","Totale","ITLNSH","charter internazionali","WORLD","Mondo","ASI","Asia","2018","2018",8564,,
"IT","Italia","T","merce e posta trasportate - tonnellate","DE","partenze","TOTAL","Totale","ITLSE","voli internazionali","WORLD","Mondo","ASI","Asia","2017","2017",264645,,
"IT","Italia","T","merce e posta trasportate - tonnellate","DE","partenze","TOTAL","Totale","ITLSE","voli internazionali","WORLD","Mondo","ASI","Asia","2018","2018",250984,,
"IT","Italia","T","merce e posta trasportate - tonnellate","DE","partenze","TOTAL","Totale","ITLSH","linea internazionali","WORLD","Mondo","EUR","Europa","2017","2017",146042,,
"IT","Italia","T","merce e posta trasportate - tonnellate","DE","partenze","TOTAL","Totale","ITLSH","linea internazionali","WORLD","Mondo","EUR","Europa","2018","2018",151541,,
"IT","Italia","T","merce e posta trasportate - tonnellate","DE","partenze","TOTAL","Totale","ITLNSH","charter internazionali","WORLD","Mondo","EUR","Europa","2017","2017",70684,,
"IT","Italia","T","merce e posta trasportate - tonnellate","DE","partenze","TOTAL","Totale","ITLNSH","charter internazionali","WORLD","Mondo","EUR","Europa","2018","2018",64061,,
"IT","Italia","T","merce e posta trasportate - tonnellate","DE","partenze","TOTAL","Totale","ITLSE","voli internazionali","WORLD","Mondo","EUR","Europa","2017","2017",216726,,
"IT","Italia","T","merce e posta trasportate - tonnellate","DE","partenze","TOTAL","Totale","ITLSE","voli internazionali","WORLD","Mondo","EUR","Europa","2018","2018",215602,,
"IT","Italia","T","merce e posta trasportate - tonnellate","DE","partenze","TOTAL","Totale","ITLSH","linea internazionali","WORLD","Mondo","ASI_OTH","Altri Paesi dell'Asia","2017","2017",124461,,
"IT","Italia","T","merce e posta trasportate - tonnellate","DE","partenze","TOTAL","Totale","ITLSH","linea internazionali","WORLD","Mondo","ASI_OTH","Altri Paesi dell'Asia","2018","2018",115825,,
"IT","Italia","T","merce e posta trasportate - tonnellate","DE","partenze","TOTAL","Totale","ITLNSH","charter internazionali","WORLD","Mondo","ASI_OTH","Altri Paesi dell'Asia","2017","2017",9769,,
"IT","Italia","T","merce e posta trasportate - tonnellate","DE","partenze","TOTAL","Totale","ITLNSH","charter internazionali","WORLD","Mondo","ASI_OTH","Altri Paesi dell'Asia","2018","2018",2621,,
"IT","Italia","T","merce e posta trasportate - tonnellate","DE","partenze","TOTAL","Totale","ITLSE","voli internazionali","WORLD","Mondo","ASI_OTH","Altri Paesi dell'Asia","2017","2017",134230,,
"IT","Italia","T","merce e posta trasportate - tonnellate","DE","partenze","TOTAL","Totale","ITLSE","voli internazionali","WORLD","Mondo","ASI_OTH","Altri Paesi dell'Asia","2018","2018",118446,,
"IT","Italia","T","merce e posta trasportate - tonnellate","DE","partenze","TOTAL","Totale","ITLSH","linea internazionali","WORLD","Mondo","AU","Australia","2017","2017",0,,
"IT","Italia","T","merce e posta trasportate - tonnellate","DE","partenze","TOTAL","Totale","ITLSH","linea internazionali","WORLD","Mondo","AU","Australia","2018","2018",0,,
"IT","Italia","T","merce e posta trasportate - tonnellate","DE","partenze","TOTAL","Totale","ITLNSH","charter internazionali","WORLD","Mondo","AU","Australia","2017","2017",0,,
"IT","Italia","T","merce e posta trasportate - tonnellate","DE","partenze","TOTAL","Totale","ITLNSH","charter internazionali","WORLD","Mondo","AU","Australia","2018","2018",0,,
"IT","Italia","T","merce e posta trasportate - tonnellate","DE","partenze","TOTAL","Totale","ITLSE","voli internazionali","WORLD","Mondo","AU","Australia","2017","2017",0,,
"IT","Italia","T","merce e posta trasportate - tonnellate","DE","partenze","TOTAL","Totale","ITLSE","voli internazionali","WORLD","Mondo","AU","Australia","2018","2018",0,,
"IT","Italia","T","merce e posta trasportate - tonnellate","ALL","Totale","TOTAL","Totale","ITLSH","linea internazionali","IT","Italia","ASI","Asia","2017","2017",70519,,
"IT","Italia","T","merce e posta trasportate - tonnellate","ALL","Totale","TOTAL","Totale","ITLSH","linea internazionali","IT","Italia","ASI","Asia","2018","2018",68913,,
"IT","Italia","T","merce e posta trasportate - tonnellate","ALL","Totale","TOTAL","Totale","ITLNSH","charter internazionali","IT","Italia","ASI","Asia","2017","2017",2,,
"IT","Italia","T","merce e posta trasportate - tonnellate","ALL","Totale","TOTAL","Totale","ITLNSH","charter internazionali","IT","Italia","ASI","Asia","2018","2018",9,,
"IT","Italia","T","merce e posta trasportate - tonnellate","ALL","Totale","TOTAL","Totale","ITLSE","voli internazionali","IT","Italia","ASI","Asia","2017","2017",70521,,
"IT","Italia","T","merce e posta trasportate - tonnellate","ALL","Totale","TOTAL","Totale","ITLSE","voli internazionali","IT","Italia","ASI","Asia","2018","2018",68922,,
"IT","Italia","T","merce e posta trasportate - tonnellate","ALL","Totale","TOTAL","Totale","ITLSH","linea internazionali","IT","Italia","EUR","Europa","2017","2017",28401,,
"IT","Italia","T","merce e posta trasportate - tonnellate","ALL","Totale","TOTAL","Totale","ITLSH","linea internazionali","IT","Italia","EUR","Europa","2018","2018",29591,,
"IT","Italia","T","merce e posta trasportate - tonnellate","ALL","Totale","TOTAL","Totale","ITLNSH","charter internazionali","IT","Italia","EUR","Europa","2017","2017",182,,
"IT","Italia","T","merce e posta trasportate - tonnellate","ALL","Totale","TOTAL","Totale","ITLNSH","charter internazionali","IT","Italia","EUR","Europa","2018","2018",99,,
"IT","Italia","T","merce e posta trasportate - tonnellate","ALL","Totale","TOTAL","Totale","ITLSE","voli internazionali","IT","Italia","EUR","Europa","2017","2017",28583,,
"IT","Italia","T","merce e posta trasportate - tonnellate","ALL","Totale","TOTAL","Totale","ITLSE","voli internazionali","IT","Italia","EUR","Europa","2018","2018",29690,,
"IT","Italia","T","merce e posta trasportate - tonnellate","ALL","Totale","TOTAL","Totale","ITLSH","linea internazionali","IT","Italia","ASI_OTH","Altri Paesi dell'Asia","2017","2017",61868,,
"IT","Italia","T","merce e posta trasportate - tonnellate","ALL","Totale","TOTAL","Totale","ITLSH","linea internazionali","IT","Italia","ASI_OTH","Altri Paesi dell'Asia","2018","2018",66596,,
"IT","Italia","T","merce e posta trasportate - tonnellate","ALL","Totale","TOTAL","Totale","ITLNSH","charter internazionali","IT","Italia","ASI_OTH","Altri Paesi dell'Asia","2017","2017",0,,
"IT","Italia","T","merce e posta trasportate - tonnellate","ALL","Totale","TOTAL","Totale","ITLNSH","charter internazionali","IT","Italia","ASI_OTH","Altri Paesi dell'Asia","2018","2018",0,,
"IT","Italia","T","merce e posta trasportate - tonnellate","ALL","Totale","TOTAL","Totale","ITLSE","voli internazionali","IT","Italia","ASI_OTH","Altri Paesi dell'Asia","2017","2017",61868,,
"IT","Italia","T","merce e posta trasportate - tonnellate","ALL","Totale","TOTAL","Totale","ITLSE","voli internazionali","IT","Italia","ASI_OTH","Altri Paesi dell'Asia","2018","2018",66596,,
"IT","Italia","T","merce e posta trasportate - tonnellate","ALL","Totale","TOTAL","Totale","ITLSH","linea internazionali","IT","Italia","AU","Australia","2017","2017",0,,
"IT","Italia","T","merce e posta trasportate - tonnellate","ALL","Totale","TOTAL","Totale","ITLSH","linea internazionali","IT","Italia","AU","Australia","2018","2018",0,,
"IT","Italia","T","merce e posta trasportate - tonnellate","ALL","Totale","TOTAL","Totale","ITLNSH","charter internazionali","IT","Italia","AU","Australia","2017","2017",0,,
"IT","Italia","T","merce e posta trasportate - tonnellate","ALL","Totale","TOTAL","Totale","ITLNSH","charter internazionali","IT","Italia","AU","Australia","2018","2018",0,,
"IT","Italia","T","merce e posta trasportate - tonnellate","ALL","Totale","TOTAL","Totale","ITLSE","voli internazionali","IT","Italia","AU","Australia","2017","2017",0,,
"IT","Italia","T","merce e posta trasportate - tonnellate","ALL","Totale","TOTAL","Totale","ITLSE","voli internazionali","IT","Italia","AU","Australia","2018","2018",0,,
"IT","Italia","T","merce e posta trasportate - tonnellate","ALL","Totale","TOTAL","Totale","ITLSH","linea internazionali","WORLD","Mondo","ASI","Asia","2017","2017",417668,,
"IT","Italia","T","merce e posta trasportate - tonnellate","ALL","Totale","TOTAL","Totale","ITLSH","linea internazionali","WORLD","Mondo","ASI","Asia","2018","2018",425107,,
"IT","Italia","T","merce e posta trasportate - tonnellate","ALL","Totale","TOTAL","Totale","ITLNSH","charter internazionali","WORLD","Mondo","ASI","Asia","2017","2017",35345,,
"IT","Italia","T","merce e posta trasportate - tonnellate","ALL","Totale","TOTAL","Totale","ITLNSH","charter internazionali","WORLD","Mondo","ASI","Asia","2018","2018",13365,,
"IT","Italia","T","merce e posta trasportate - tonnellate","ALL","Totale","TOTAL","Totale","ITLSE","voli internazionali","WORLD","Mondo","ASI","Asia","2017","2017",453013,,
"IT","Italia","T","merce e posta trasportate - tonnellate","ALL","Totale","TOTAL","Totale","ITLSE","voli internazionali","WORLD","Mondo","ASI","Asia","2018","2018",438472,,
"IT","Italia","T","merce e posta trasportate - tonnellate","ALL","Totale","TOTAL","Totale","ITLSH","linea internazionali","WORLD","Mondo","EUR","Europa","2017","2017",254938,,
"IT","Italia","T","merce e posta trasportate - tonnellate","ALL","Totale","TOTAL","Totale","ITLSH","linea internazionali","WORLD","Mondo","EUR","Europa","2018","2018",272448,,
"IT","Italia","T","merce e posta trasportate - tonnellate","ALL","Totale","TOTAL","Totale","ITLNSH","charter internazionali","WORLD","Mondo","EUR","Europa","2017","2017",127549,,
"IT","Italia","T","merce e posta trasportate - tonnellate","ALL","Totale","TOTAL","Totale","ITLNSH","charter internazionali","WORLD","Mondo","EUR","Europa","2018","2018",116950,,
"IT","Italia","T","merce e posta trasportate - tonnellate","ALL","Totale","TOTAL","Totale","ITLSE","voli internazionali","WORLD","Mondo","EUR","Europa","2017","2017",382487,,
"IT","Italia","T","merce e posta trasportate - tonnellate","ALL","Totale","TOTAL","Totale","ITLSE","voli internazionali","WORLD","Mondo","EUR","Europa","2018","2018",389398,,
"IT","Italia","T","merce e posta trasportate - tonnellate","ALL","Totale","TOTAL","Totale","ITLSH","linea internazionali","WORLD","Mondo","ASI_OTH","Altri Paesi dell'Asia","2017","2017",210510,,
"IT","Italia","T","merce e posta trasportate - tonnellate","ALL","Totale","TOTAL","Totale","ITLSH","linea internazionali","WORLD","Mondo","ASI_OTH","Altri Paesi dell'Asia","2018","2018",205759,,
"IT","Italia","T","merce e posta trasportate - tonnellate","ALL","Totale","TOTAL","Totale","ITLNSH","charter internazionali","WORLD","Mondo","ASI_OTH","Altri Paesi dell'Asia","2017","2017",13025,,
"IT","Italia","T","merce e posta trasportate - tonnellate","ALL","Totale","TOTAL","Totale","ITLNSH","charter internazionali","WORLD","Mondo","ASI_OTH","Altri Paesi dell'Asia","2018","2018",3431,,
"IT","Italia","T","merce e posta trasportate - tonnellate","ALL","Totale","TOTAL","Totale","ITLSE","voli internazionali","WORLD","Mondo","ASI_OTH","Altri Paesi dell'Asia","2017","2017",223535,,
"IT","Italia","T","merce e posta trasportate - tonnellate","ALL","Totale","TOTAL","Totale","ITLSE","voli internazionali","WORLD","Mondo","ASI_OTH","Altri Paesi dell'Asia","2018","2018",209190,,
"IT","Italia","T","merce e posta trasportate - tonnellate","ALL","Totale","TOTAL","Totale","ITLSH","linea internazionali","WORLD","Mondo","AU","Australia","2017","2017",0,,
"IT","Italia","T","merce e posta trasportate - tonnellate","ALL","Totale","TOTAL","Totale","ITLSH","linea internazionali","WORLD","Mondo","AU","Australia","2018","2018",0,,
"IT","Italia","T","merce e posta trasportate - tonnellate","ALL","Totale","TOTAL","Totale","ITLNSH","charter internazionali","WORLD","Mondo","AU","Australia","2017","2017",0,,
"IT","Italia","T","merce e posta trasportate - tonnellate","ALL","Totale","TOTAL","Totale","ITLNSH","charter internazionali","WORLD","Mondo","AU","Australia","2018","2018",0,,
"IT","Italia","T","merce e posta trasportate - tonnellate","ALL","Totale","TOTAL","Totale","ITLSE","voli internazionali","WORLD","Mondo","AU","Australia","2017","2017",0,,
"IT","Italia","T","merce e posta trasportate - tonnellate","ALL","Totale","TOTAL","Totale","ITLSE","voli internazionali","WORLD","Mondo","AU","Australia","2018","2018",0,,
