 ITC45 , Milano , DEATH , morti , 2 , femmine , 1_2 , aids (malattia da hiv) , 2017 , 2017 ,13,,
 ITC45 , Milano , DEATH , morti , 2 , femmine , 2_1_3 , di cui tumori maligni dello stomaco , 2017 , 2017 ,234,,
 ITC45 , Milano , DEATH , morti , 2 , femmine , 2_1_6 , di cui tumori maligni del pancreas , 2017 , 2017 ,395,,
 ITC45 , Milano , DEATH , morti , 2 , femmine , 2_1_9 , di cui melanomi maligni della cute , 2017 , 2017 ,51,,
 ITC45 , Milano , DEATH , morti , 2 , femmine , 2_1_12 , di cui tumori maligni di altre parti dell'utero , 2017 , 2017 ,130,,
 ITC45 , Milano , DEATH , morti , 9 , totale , 2_1_14 , di cui tumori maligni della prostata , 2017 , 2017 ,399,,
 ITC45 , Milano , DEATH , morti , 9 , totale , 2_1_17 , di cui tumori maligni del cervello e del sistema nervoso centrale , 2017 , 2017 ,242,,
 ITC45 , Milano , DEATH , morti , 2 , femmine , 2_1_19 , di cui morbo di hodgkin e linfomi , 2017 , 2017 ,155,,
 ITC45 , Milano , DEATH , morti , 9 , totale , 2_1_20 , di cui leucemia , 2017 , 2017 ,359,,
 ITC45 , Milano , DEATH , morti , 2 , femmine , 2_1_22 , di cui altri tumori maligni , 2017 , 2017 ,579,,
 ITC45 , Milano , DEATH , morti , 2 , femmine , 4 , malattie endocrine, nutrizionali e metaboliche , 2017 , 2017 ,590,,
 ITC45 , Milano , DEATH , morti , 2 , femmine , 5_4 , altri disturbi psichici e comportamentali , 2017 , 2017 ,30,,
 ITC45 , Milano , DEATH , morti , 2 , femmine , 6_2 , malattia di alzheimer , 2017 , 2017 ,450,,
 ITC45 , Milano , DEATH , morti , 2 , femmine , 7_1 , malattie ischemiche del cuore , 2017 , 2017 ,1243,,
 ITC45 , Milano , DEATH , morti , 2 , femmine , 7_2 , altre malattie del cuore , 2017 , 2017 ,1382,,
 ITC45 , Milano , DEATH , morti , 9 , totale , 7_4 , altre malattie del sistema circolatorio , 2017 , 2017 ,1911,,
 ITC45 , Milano , DEATH , morti , 9 , totale , 8_2 , polmonite , 2017 , 2017 ,804,,
 ITC45 , Milano , DEATH , morti , 2 , femmine , 8_3_1 , di cui asma , 2017 , 2017 ,12,,
 ITC45 , Milano , DEATH , morti , 9 , totale , 8_3_2 , di cui altre malattie croniche delle basse vie respiratorie , 2017 , 2017 ,1158,,
 ITC45 , Milano , DEATH , morti , 9 , totale , 9_1 , ulcera dello stomaco, duodeno e digiuno , 2017 , 2017 ,44,,
 ITC45 , Milano , DEATH , morti , 2 , femmine , 11_1 , artrite reumatoide a osteoartrosi , 2017 , 2017 ,47,,
 ITC45 , Milano , DEATH , morti , 2 , femmine , 15 , malformazioni congenite ed anomalie cromosomiche , 2017 , 2017 ,42,,
 ITC45 , Milano , DEATH , morti , 2 , femmine , 16_2 , cause sconosciute e non specificate , 2017 , 2017 ,49,,
 ITC45 , Milano , DEATH , morti , 2 , femmine , 17_1 , accidenti , 2017 , 2017 ,410,,
 ITC45 , Milano , DEATH , morti , 9 , totale , 17_1_2 , di cui cadute accidentali , 2017 , 2017 ,166,,
 ITC45 , Milano , DEATH , morti , 9 , totale , 17_1_5 , di cui altri accidenti , 2017 , 2017 ,557,,
 ITC45 , Milano , DEATH , morti , 2 , femmine , 17_3 , omicidio, aggressione , 2017 , 2017 ,7,,
 ITC45 , Milano , DEATH , morti , 2 , femmine , 99 , totale , 2017 , 2017 ,16164,,
 ITC45 , Milano , DEATH , morti , 2 , femmine , 1 , alcune malattie infettive e parassitarie , 2017 , 2017 ,416,,
 ITC45 , Milano , DEATH , morti , 1 , maschi , 1_1 , tubercolosi , 2017 , 2017 ,10,,
 ITC45 , Milano , DEATH , morti , 2 , femmine , 1_1 , tubercolosi , 2017 , 2017 ,6,,
 ITC45 , Milano , DEATH , morti , 9 , totale , 1_1 , tubercolosi , 2017 , 2017 ,16,,
 ITC45 , Milano , DEATH , morti , 1 , maschi , 1_2 , aids (malattia da hiv) , 2017 , 2017 ,21,,
 ITC45 , Milano , DEATH , morti , 2 , femmine , 1_3 , epatite virale , 2017 , 2017 ,63,,
 ITC45 , Milano , DEATH , morti , 1 , maschi , 1_4 , altre malattie infettive e parassitarie , 2017 , 2017 ,245,,
 ITC45 , Milano , DEATH , morti , 2 , femmine , 1_4 , altre malattie infettive e parassitarie , 2017 , 2017 ,334,,
 ITC45 , Milano , DEATH , morti , 1 , maschi , 2 , tumori , 2017 , 2017 ,5783,,
 ITC45 , Milano , DEATH , morti , 2 , femmine , 2_1 , tumori maligni , 2017 , 2017 ,4644,,
 ITC45 , Milano , DEATH , morti , 1 , maschi , 2_1_1 , di cui tumori maligni delle labbra, cavità orale e faringe , 2017 , 2017 ,124,,
 ITC45 , Milano , DEATH , morti , 2 , femmine , 2_1_1 , di cui tumori maligni delle labbra, cavità orale e faringe , 2017 , 2017 ,72,,
 ITC45 , Milano , DEATH , morti , 1 , maschi , 2_1_2 , di cui tumori maligni dell'esofago , 2017 , 2017 ,92,,
 ITC45 , Milano , DEATH , morti , 9 , totale , 2_1_2 , di cui tumori maligni dell'esofago , 2017 , 2017 ,143,,
 ITC45 , Milano , DEATH , morti , 2 , femmine , 2_1_4 , di cui tumori maligni del colon, del retto e dell'ano , 2017 , 2017 ,491,,
 ITC45 , Milano , DEATH , morti , 1 , maschi , 2_1_5 , di cui tumori maligni del fegato e dei dotti biliari intraepatici , 2017 , 2017 ,398,,
 ITC45 , Milano , DEATH , morti , 9 , totale , 2_1_5 , di cui tumori maligni del fegato e dei dotti biliari intraepatici , 2017 , 2017 ,615,,
 ITC45 , Milano , DEATH , morti , 9 , totale , 2_1_6 , di cui tumori maligni del pancreas , 2017 , 2017 ,785,,
 ITC45 , Milano , DEATH , morti , 2 , femmine , 2_1_7 , di cui tumori maligni della laringe , 2017 , 2017 ,8,,
 ITC45 , Milano , DEATH , morti , 1 , maschi , 2_1_8 , di cui tumori maligni della trachea, dei bronchi e dei polmoni , 2017 , 2017 ,1377,,
 ITC45 , Milano , DEATH , morti , 9 , totale , 2_1_8 , di cui tumori maligni della trachea, dei bronchi e dei polmoni , 2017 , 2017 ,2076,,
 ITC45 , Milano , DEATH , morti , 9 , totale , 2_1_9 , di cui melanomi maligni della cute , 2017 , 2017 ,134,,
 ITC45 , Milano , DEATH , morti , 2 , femmine , 2_1_10 , di cui tumori maligni del seno , 2017 , 2017 ,808,,
 ITC45 , Milano , DEATH , morti , 9 , totale , 2_1_11 , di cui tumori maligni della cervice uterina , 2017 , 2017 ,30,,
 ITC45 , Milano , DEATH , morti , 9 , totale , 2_1_12 , di cui tumori maligni di altre parti dell'utero , 2017 , 2017 ,130,,
 ITC45 , Milano , DEATH , morti , 2 , femmine , 2_1_13 , di cui tumori maligni dell'ovaio , 2017 , 2017 ,207,,
 ITC45 , Milano , DEATH , morti , 1 , maschi , 2_1_14 , di cui tumori maligni della prostata , 2017 , 2017 ,399,,
 ITC45 , Milano , DEATH , morti , 9 , totale , 2_1_15 , di cui tumori maligni del rene , 2017 , 2017 ,218,,
 ITC45 , Milano , DEATH , morti , 2 , femmine , 2_1_16 , di cui tumori maligni della vescica , 2017 , 2017 ,64,,
 ITC45 , Milano , DEATH , morti , 1 , maschi , 2_1_17 , di cui tumori maligni del cervello e del sistema nervoso centrale , 2017 , 2017 ,135,,
 ITC45 , Milano , DEATH , morti , 9 , totale , 2_1_18 , di cui tumori maligni della tiroide , 2017 , 2017 ,24,,
 ITC45 , Milano , DEATH , morti , 9 , totale , 2_1_19 , di cui morbo di hodgkin e linfomi , 2017 , 2017 ,353,,
 ITC45 , Milano , DEATH , morti , 2 , femmine , 2_1_20 , di cui leucemia , 2017 , 2017 ,139,,
 ITC45 , Milano , DEATH , morti , 1 , maschi , 2_1_21 , di cui altri tumori maligni del tessuto linfatico/ematopoietico , 2017 , 2017 ,95,,
 ITC45 , Milano , DEATH , morti , 9 , totale , 2_1_21 , di cui altri tumori maligni del tessuto linfatico/ematopoietico , 2017 , 2017 ,222,,
 ITC45 , Milano , DEATH , morti , 2 , femmine , 2_2 , tumori non maligni (benigni e di comportamento incerto) , 2017 , 2017 ,212,,
 ITC45 , Milano , DEATH , morti , 1 , maschi , 3 , malattie del sangue e degli organi ematopoietici ed alcuni disturbi del sistema immunitario , 2017 , 2017 ,75,,
 ITC45 , Milano , DEATH , morti , 2 , femmine , 3 , malattie del sangue e degli organi ematopoietici ed alcuni disturbi del sistema immunitario , 2017 , 2017 ,101,,
 ITC45 , Milano , DEATH , morti , 9 , totale , 3 , malattie del sangue e degli organi ematopoietici ed alcuni disturbi del sistema immunitario , 2017 , 2017 ,176,,
 ITC45 , Milano , DEATH , morti , 1 , maschi , 4 , malattie endocrine, nutrizionali e metaboliche , 2017 , 2017 ,475,,
 ITC45 , Milano , DEATH , morti , 2 , femmine , 4_1 , diabete mellito , 2017 , 2017 ,408,,
 ITC45 , Milano , DEATH , morti , 1 , maschi , 4_2 , altre malattie endocrine, nutrizionali e metaboliche , 2017 , 2017 ,110,,
 ITC45 , Milano , DEATH , morti , 2 , femmine , 4_2 , altre malattie endocrine, nutrizionali e metaboliche , 2017 , 2017 ,182,,
 ITC45 , Milano , DEATH , morti , 1 , maschi , 5 , disturbi psichici e comportamentali , 2017 , 2017 ,352,,
 ITC45 , Milano , DEATH , morti , 2 , femmine , 5_1 , demenza , 2017 , 2017 ,649,,
 ITC45 , Milano , DEATH , morti , 1 , maschi , 5_2 , abuso di alcool (compresa psicosi alcolica) , 2017 , 2017 ,6,,
 ITC45 , Milano , DEATH , morti , 2 , femmine , 5_2 , abuso di alcool (compresa psicosi alcolica) , 2017 , 2017 ,2,,
 ITC45 , Milano , DEATH , morti , 1 , maschi , 5_3 , dipendenza da droghe, tossicomania , 2017 , 2017 ,5,,
 ITC45 , Milano , DEATH , morti , 9 , totale , 5_3 , dipendenza da droghe, tossicomania , 2017 , 2017 ,6,,
 ITC45 , Milano , DEATH , morti , 2 , femmine , 6 , malattie del sistema nervoso e degli organi di senso , 2017 , 2017 ,857,,
 ITC45 , Milano , DEATH , morti , 1 , maschi , 6_1 , morbo di parkinson , 2017 , 2017 ,233,,
 ITC45 , Milano , DEATH , morti , 9 , totale , 6_1 , morbo di parkinson , 2017 , 2017 ,368,,
 ITC45 , Milano , DEATH , morti , 9 , totale , 6_2 , malattia di alzheimer , 2017 , 2017 ,666,,
 ITC45 , Milano , DEATH , morti , 2 , femmine , 6_3 , altre malattie del sistema nervoso e degli organi di senso , 2017 , 2017 ,272,,
 ITC45 , Milano , DEATH , morti , 1 , maschi , 7 , malattie del sistema circolatorio , 2017 , 2017 ,4129,,
 ITC45 , Milano , DEATH , morti , 9 , totale , 7 , malattie del sistema circolatorio , 2017 , 2017 ,9469,,
 ITC45 , Milano , DEATH , morti , 9 , totale , 7_1 , malattie ischemiche del cuore , 2017 , 2017 ,2709,,
 ITC45 , Milano , DEATH , morti , 2 , femmine , 7_1_1 , di cui infarto miocardico acuto , 2017 , 2017 ,441,,
 ITC45 , Milano , DEATH , morti , 1 , maschi , 7_1_2 , du cui altre malattie ischemiche del cuore , 2017 , 2017 ,919,,
 ITC45 , Milano , DEATH , morti , 9 , totale , 7_1_2 , du cui altre malattie ischemiche del cuore , 2017 , 2017 ,1721,,
 ITC45 , Milano , DEATH , morti , 9 , totale , 7_2 , altre malattie del cuore , 2017 , 2017 ,2378,,
 ITC45 , Milano , DEATH , morti , 2 , femmine , 7_3 , malattie cerebrovascolari , 2017 , 2017 ,1553,,
 ITC45 , Milano , DEATH , morti , 1 , maschi , 7_4 , altre malattie del sistema circolatorio , 2017 , 2017 ,749,,
 ITC45 , Milano , DEATH , morti , 9 , totale , 8 , malattie del sistema respiratorio , 2017 , 2017 ,2628,,
 ITC45 , Milano , DEATH , morti , 2 , femmine , 8_1 , influenza , 2017 , 2017 ,14,,
 ITC45 , Milano , DEATH , morti , 1 , maschi , 8_2 , polmonite , 2017 , 2017 ,397,,
 ITC45 , Milano , DEATH , morti , 9 , totale , 8_3 , malattie croniche delle basse vie respiratorie , 2017 , 2017 ,1177,,
 ITC45 , Milano , DEATH , morti , 9 , totale , 8_4 , altre malattie del sistema respiratorio , 2017 , 2017 ,617,,
 ITC45 , Milano , DEATH , morti , 2 , femmine , 9 , malattie dell'apparato digerente , 2017 , 2017 ,554,,
 ITC45 , Milano , DEATH , morti , 2 , femmine , 9_1 , ulcera dello stomaco, duodeno e digiuno , 2017 , 2017 ,20,,
 ITC45 , Milano , DEATH , morti , 1 , maschi , 9_2 , cirrosi, fibrosi ed epatite cronica , 2017 , 2017 ,179,,
 ITC45 , Milano , DEATH , morti , 9 , totale , 9_2 , cirrosi, fibrosi ed epatite cronica , 2017 , 2017 ,274,,
 ITC45 , Milano , DEATH , morti , 2 , femmine , 9_3 , altre malattie dell'apparato digerente , 2017 , 2017 ,439,,
 ITC45 , Milano , DEATH , morti , 9 , totale , 9_3 , altre malattie dell'apparato digerente , 2017 , 2017 ,797,,
 ITC45 , Milano , DEATH , morti , 2 , femmine , 10 , malattie della cute e del tessuto sottocutaneo , 2017 , 2017 ,49,,
 ITC45 , Milano , DEATH , morti , 1 , maschi , 11 , malattie del sistema osteomuscolare e del tessuto connettivo , 2017 , 2017 ,61,,
 ITC45 , Milano , DEATH , morti , 9 , totale , 11 , malattie del sistema osteomuscolare e del tessuto connettivo , 2017 , 2017 ,200,,
 ITC45 , Milano , DEATH , morti , 1 , maschi , 11_1 , artrite reumatoide a osteoartrosi , 2017 , 2017 ,13,,
 ITC45 , Milano , DEATH , morti , 9 , totale , 11_1 , artrite reumatoide a osteoartrosi , 2017 , 2017 ,60,,
 ITC45 , Milano , DEATH , morti , 2 , femmine , 11_2 , altre malattie del sistema osteomuscolare e del tessuto connettivo , 2017 , 2017 ,92,,
 ITC45 , Milano , DEATH , morti , 1 , maschi , 12 , malattie dell'apparato genitourinario , 2017 , 2017 ,274,,
 ITC45 , Milano , DEATH , morti , 1 , maschi , 12_1 , malattie del rene e dell'uretere , 2017 , 2017 ,180,,
 ITC45 , Milano , DEATH , morti , 2 , femmine , 12_2 , altre malattie dell'apparato genitourinario , 2017 , 2017 ,116,,
 ITC45 , Milano , DEATH , morti , 1 , maschi , 14 , alcune condizioni morbose che hanno origine nel periodo perinatale , 2017 , 2017 ,26,,
 ITC45 , Milano , DEATH , morti , 9 , totale , 14 , alcune condizioni morbose che hanno origine nel periodo perinatale , 2017 , 2017 ,53,,
 ITC45 , Milano , DEATH , morti , 1 , maschi , 16_1 , sindrome della morte improvvisa nell'infanzia , 2017 , 2017 ,1,,
 ITC45 , Milano , DEATH , morti , 9 , totale , 16_1 , sindrome della morte improvvisa nell'infanzia , 2017 , 2017 ,1,,
 ITC45 , Milano , DEATH , morti , 9 , totale , 16_2 , cause sconosciute e non specificate , 2017 , 2017 ,91,,
 ITC45 , Milano , DEATH , morti , 2 , femmine , 16_3 , altri sintomi, segni, risultati anomali e cause mal definite , 2017 , 2017 ,316,,
 ITC45 , Milano , DEATH , morti , 1 , maschi , 17 , cause esterne di traumatismo e avvelenamento , 2017 , 2017 ,624,,
 ITC45 , Milano , DEATH , morti , 9 , totale , 17 , cause esterne di traumatismo e avvelenamento , 2017 , 2017 ,1110,,
 ITC45 , Milano , DEATH , morti , 9 , totale , 17_1 , accidenti , 2017 , 2017 ,862,,
 ITC45 , Milano , DEATH , morti , 2 , femmine , 17_1_1 , di cui accidenti di trasporto , 2017 , 2017 ,26,,
 ITC45 , Milano , DEATH , morti , 1 , maschi , 17_1_2 , di cui cadute accidentali , 2017 , 2017 ,76,,
 ITC45 , Milano , DEATH , morti , 9 , totale , 17_1_3 , di cui annegamento e sommersione accidentali , 2017 , 2017 ,5,,
 ITC45 , Milano , DEATH , morti , 2 , femmine , 17_1_4 , di cui avvelenamento accidentale , 2017 , 2017 ,7,,
 ITC45 , Milano , DEATH , morti , 1 , maschi , 17_1_5 , di cui altri accidenti , 2017 , 2017 ,270,,
 ITC45 , Milano , DEATH , morti , 9 , totale , 17_2 , suicidio e autolesione intenzionale , 2017 , 2017 ,207,,
 ITC45 , Milano , DEATH , morti , 9 , totale , 17_5 , altre cause esterne di traumatismo e avvelenamento , 2017 , 2017 ,21,,
 ITC45 , Milano , DEATH , morti , 9 , totale , 1 , alcune malattie infettive e parassitarie , 2017 , 2017 ,743,,
 ITC45 , Milano , DEATH , morti , 9 , totale , 1_2 , aids (malattia da hiv) , 2017 , 2017 ,34,,
 ITC45 , Milano , DEATH , morti , 9 , totale , 1_3 , epatite virale , 2017 , 2017 ,114,,
 ITC45 , Milano , DEATH , morti , 9 , totale , 2 , tumori , 2017 , 2017 ,10639,,
 ITC45 , Milano , DEATH , morti , 9 , totale , 2_1 , tumori maligni , 2017 , 2017 ,10112,,
 ITC45 , Milano , DEATH , morti , 9 , totale , 2_1_3 , di cui tumori maligni dello stomaco , 2017 , 2017 ,555,,
 ITC45 , Milano , DEATH , morti , 1 , maschi , 2_1_16 , di cui tumori maligni della vescica , 2017 , 2017 ,227,,
 ITC45 , Milano , DEATH , morti , 1 , maschi , 2_1_19 , di cui morbo di hodgkin e linfomi , 2017 , 2017 ,198,,
 ITC45 , Milano , DEATH , morti , 1 , maschi , 2_1_22 , di cui altri tumori maligni , 2017 , 2017 ,649,,
 ITC45 , Milano , DEATH , morti , 9 , totale , 2_1_22 , di cui altri tumori maligni , 2017 , 2017 ,1228,,
 ITC45 , Milano , DEATH , morti , 9 , totale , 2_2 , tumori non maligni (benigni e di comportamento incerto) , 2017 , 2017 ,527,,
 ITC45 , Milano , DEATH , morti , 9 , totale , 4 , malattie endocrine, nutrizionali e metaboliche , 2017 , 2017 ,1065,,
 ITC45 , Milano , DEATH , morti , 9 , totale , 4_1 , diabete mellito , 2017 , 2017 ,773,,
 ITC45 , Milano , DEATH , morti , 9 , totale , 5 , disturbi psichici e comportamentali , 2017 , 2017 ,1034,,
 ITC45 , Milano , DEATH , morti , 9 , totale , 5_1 , demenza , 2017 , 2017 ,955,,
 ITC45 , Milano , DEATH , morti , 9 , totale , 5_4 , altri disturbi psichici e comportamentali , 2017 , 2017 ,65,,
 ITC45 , Milano , DEATH , morti , 1 , maschi , 8_1 , influenza , 2017 , 2017 ,16,,
 ITC45 , Milano , DEATH , morti , 1 , maschi , 8_3_1 , di cui asma , 2017 , 2017 ,7,,
 ITC45 , Milano , DEATH , morti , 1 , maschi , 9 , malattie dell'apparato digerente , 2017 , 2017 ,561,,
 ITC45 , Milano , DEATH , morti , 9 , totale , 9 , malattie dell'apparato digerente , 2017 , 2017 ,1115,,
 ITC45 , Milano , DEATH , morti , 1 , maschi , 9_3 , altre malattie dell'apparato digerente , 2017 , 2017 ,358,,
 ITC45 , Milano , DEATH , morti , 9 , totale , 10 , malattie della cute e del tessuto sottocutaneo , 2017 , 2017 ,72,,
 ITC45 , Milano , DEATH , morti , 2 , femmine , 11 , malattie del sistema osteomuscolare e del tessuto connettivo , 2017 , 2017 ,139,,
 ITC45 , Milano , DEATH , morti , 9 , totale , 11_2 , altre malattie del sistema osteomuscolare e del tessuto connettivo , 2017 , 2017 ,140,,
 ITC45 , Milano , DEATH , morti , 2 , femmine , 12 , malattie dell'apparato genitourinario , 2017 , 2017 ,302,,
 ITC45 , Milano , DEATH , morti , 9 , totale , 12_1 , malattie del rene e dell'uretere , 2017 , 2017 ,366,,
 ITC45 , Milano , DEATH , morti , 9 , totale , 12_2 , altre malattie dell'apparato genitourinario , 2017 , 2017 ,210,,
 ITC45 , Milano , DEATH , morti , 9 , totale , 15 , malformazioni congenite ed anomalie cromosomiche , 2017 , 2017 ,96,,
 ITC45 , Milano , DEATH , morti , 2 , femmine , 16 , sintomi, segni, risultati anomali e cause mal definite , 2017 , 2017 ,365,,
 ITC45 , Milano , DEATH , morti , 1 , maschi , 17_1_4 , di cui avvelenamento accidentale , 2017 , 2017 ,7,,
 ITC45 , Milano , DEATH , morti , 9 , totale , 99 , totale , 2017 , 2017 ,31120,,
 ITC45 , Milano , DEATH , morti , 1 , maschi , 2_1 , tumori maligni , 2017 , 2017 ,5468,,
 ITC45 , Milano , DEATH , morti , 1 , maschi , 2_1_3 , di cui tumori maligni dello stomaco , 2017 , 2017 ,321,,
 ITC45 , Milano , DEATH , morti , 1 , maschi , 2_1_4 , di cui tumori maligni del colon, del retto e dell'ano , 2017 , 2017 ,517,,
 ITC45 , Milano , DEATH , morti , 1 , maschi , 2_1_6 , di cui tumori maligni del pancreas , 2017 , 2017 ,390,,
 ITC45 , Milano , DEATH , morti , 1 , maschi , 2_1_7 , di cui tumori maligni della laringe , 2017 , 2017 ,72,,
 ITC45 , Milano , DEATH , morti , 1 , maschi , 2_1_9 , di cui melanomi maligni della cute , 2017 , 2017 ,83,,
 ITC45 , Milano , DEATH , morti , 1 , maschi , 2_1_10 , di cui tumori maligni del seno , 2017 , 2017 ,9,,
 ITC45 , Milano , DEATH , morti , 2 , femmine , 2_1_15 , di cui tumori maligni del rene , 2017 , 2017 ,64,,
 ITC45 , Milano , DEATH , morti , 2 , femmine , 2_1_18 , di cui tumori maligni della tiroide , 2017 , 2017 ,16,,
 ITC45 , Milano , DEATH , morti , 2 , femmine , 2_1_21 , di cui altri tumori maligni del tessuto linfatico/ematopoietico , 2017 , 2017 ,127,,
 ITC45 , Milano , DEATH , morti , 1 , maschi , 5_1 , demenza , 2017 , 2017 ,306,,
 ITC45 , Milano , DEATH , morti , 1 , maschi , 5_4 , altri disturbi psichici e comportamentali , 2017 , 2017 ,35,,
 ITC45 , Milano , DEATH , morti , 1 , maschi , 6 , malattie del sistema nervoso e degli organi di senso , 2017 , 2017 ,746,,
 ITC45 , Milano , DEATH , morti , 1 , maschi , 6_2 , malattia di alzheimer , 2017 , 2017 ,216,,
 ITC45 , Milano , DEATH , morti , 1 , maschi , 6_3 , altre malattie del sistema nervoso e degli organi di senso , 2017 , 2017 ,297,,
 ITC45 , Milano , DEATH , morti , 1 , maschi , 7_1 , malattie ischemiche del cuore , 2017 , 2017 ,1466,,
 ITC45 , Milano , DEATH , morti , 1 , maschi , 7_1_1 , di cui infarto miocardico acuto , 2017 , 2017 ,547,,
 ITC45 , Milano , DEATH , morti , 1 , maschi , 7_3 , malattie cerebrovascolari , 2017 , 2017 ,918,,
 ITC45 , Milano , DEATH , morti , 2 , femmine , 8 , malattie del sistema respiratorio , 2017 , 2017 ,1358,,
 ITC45 , Milano , DEATH , morti , 2 , femmine , 8_3 , malattie croniche delle basse vie respiratorie , 2017 , 2017 ,603,,
 ITC45 , Milano , DEATH , morti , 2 , femmine , 8_4 , altre malattie del sistema respiratorio , 2017 , 2017 ,334,,
 ITC45 , Milano , DEATH , morti , 2 , femmine , 9_2 , cirrosi, fibrosi ed epatite cronica , 2017 , 2017 ,95,,
 ITC45 , Milano , DEATH , morti , 1 , maschi , 12_2 , altre malattie dell'apparato genitourinario , 2017 , 2017 ,94,,
 ITC45 , Milano , DEATH , morti , 1 , maschi , 15 , malformazioni congenite ed anomalie cromosomiche , 2017 , 2017 ,54,,
 ITC45 , Milano , DEATH , morti , 1 , maschi , 16 , sintomi, segni, risultati anomali e cause mal definite , 2017 , 2017 ,176,,
 ITC45 , Milano , DEATH , morti , 1 , maschi , 16_2 , cause sconosciute e non specificate , 2017 , 2017 ,42,,
 ITC45 , Milano , DEATH , morti , 1 , maschi , 17_1_1 , di cui accidenti di trasporto , 2017 , 2017 ,94,,
 ITC45 , Milano , DEATH , morti , 2 , femmine , 17_2 , suicidio e autolesione intenzionale , 2017 , 2017 ,57,,
 ITC45 , Milano , DEATH , morti , 1 , maschi , 17_3 , omicidio, aggressione , 2017 , 2017 ,13,,
 ITC45 , Milano , DEATH , morti , 2 , femmine , 17_5 , altre cause esterne di traumatismo e avvelenamento , 2017 , 2017 ,12,,
 ITC45 , Milano , DEATH , morti , 1 , maschi , 99 , totale , 2017 , 2017 ,14956,,
 ITC45 , Milano , DEATH , morti , 1 , maschi , 1 , alcune malattie infettive e parassitarie , 2017 , 2017 ,327,,
 ITC45 , Milano , DEATH , morti , 1 , maschi , 1_3 , epatite virale , 2017 , 2017 ,51,,
 ITC45 , Milano , DEATH , morti , 9 , totale , 1_4 , altre malattie infettive e parassitarie , 2017 , 2017 ,579,,
 ITC45 , Milano , DEATH , morti , 2 , femmine , 2 , tumori , 2017 , 2017 ,4856,,
 ITC45 , Milano , DEATH , morti , 9 , totale , 2_1_1 , di cui tumori maligni delle labbra, cavità orale e faringe , 2017 , 2017 ,196,,
 ITC45 , Milano , DEATH , morti , 2 , femmine , 2_1_2 , di cui tumori maligni dell'esofago , 2017 , 2017 ,51,,
 ITC45 , Milano , DEATH , morti , 9 , totale , 2_1_4 , di cui tumori maligni del colon, del retto e dell'ano , 2017 , 2017 ,1008,,
 ITC45 , Milano , DEATH , morti , 2 , femmine , 2_1_5 , di cui tumori maligni del fegato e dei dotti biliari intraepatici , 2017 , 2017 ,217,,
 ITC45 , Milano , DEATH , morti , 9 , totale , 2_1_7 , di cui tumori maligni della laringe , 2017 , 2017 ,80,,
 ITC45 , Milano , DEATH , morti , 2 , femmine , 2_1_8 , di cui tumori maligni della trachea, dei bronchi e dei polmoni , 2017 , 2017 ,699,,
 ITC45 , Milano , DEATH , morti , 1 , maschi , 2_1_20 , di cui leucemia , 2017 , 2017 ,220,,
 ITC45 , Milano , DEATH , morti , 1 , maschi , 2_2 , tumori non maligni (benigni e di comportamento incerto) , 2017 , 2017 ,315,,
 ITC45 , Milano , DEATH , morti , 1 , maschi , 4_1 , diabete mellito , 2017 , 2017 ,365,,
 ITC45 , Milano , DEATH , morti , 9 , totale , 4_2 , altre malattie endocrine, nutrizionali e metaboliche , 2017 , 2017 ,292,,
 ITC45 , Milano , DEATH , morti , 2 , femmine , 5 , disturbi psichici e comportamentali , 2017 , 2017 ,682,,
 ITC45 , Milano , DEATH , morti , 9 , totale , 5_2 , abuso di alcool (compresa psicosi alcolica) , 2017 , 2017 ,8,,
 ITC45 , Milano , DEATH , morti , 9 , totale , 6 , malattie del sistema nervoso e degli organi di senso , 2017 , 2017 ,1603,,
 ITC45 , Milano , DEATH , morti , 2 , femmine , 6_1 , morbo di parkinson , 2017 , 2017 ,135,,
 ITC45 , Milano , DEATH , morti , 9 , totale , 6_3 , altre malattie del sistema nervoso e degli organi di senso , 2017 , 2017 ,569,,
 ITC45 , Milano , DEATH , morti , 2 , femmine , 7 , malattie del sistema circolatorio , 2017 , 2017 ,5340,,
 ITC45 , Milano , DEATH , morti , 1 , maschi , 8_3_2 , di cui altre malattie croniche delle basse vie respiratorie , 2017 , 2017 ,567,,
 ITC45 , Milano , DEATH , morti , 1 , maschi , 9_1 , ulcera dello stomaco, duodeno e digiuno , 2017 , 2017 ,24,,
 ITC45 , Milano , DEATH , morti , 1 , maschi , 10 , malattie della cute e del tessuto sottocutaneo , 2017 , 2017 ,23,,
 ITC45 , Milano , DEATH , morti , 1 , maschi , 11_2 , altre malattie del sistema osteomuscolare e del tessuto connettivo , 2017 , 2017 ,48,,
 ITC45 , Milano , DEATH , morti , 9 , totale , 12 , malattie dell'apparato genitourinario , 2017 , 2017 ,576,,
 ITC45 , Milano , DEATH , morti , 2 , femmine , 12_1 , malattie del rene e dell'uretere , 2017 , 2017 ,186,,
 ITC45 , Milano , DEATH , morti , 2 , femmine , 14 , alcune condizioni morbose che hanno origine nel periodo perinatale , 2017 , 2017 ,27,,
 ITC45 , Milano , DEATH , morti , 9 , totale , 16 , sintomi, segni, risultati anomali e cause mal definite , 2017 , 2017 ,541,,
 ITC45 , Milano , DEATH , morti , 1 , maschi , 16_3 , altri sintomi, segni, risultati anomali e cause mal definite , 2017 , 2017 ,133,,
 ITC45 , Milano , DEATH , morti , 9 , totale , 2_1_10 , di cui tumori maligni del seno , 2017 , 2017 ,817,,
 ITC45 , Milano , DEATH , morti , 2 , femmine , 2_1_11 , di cui tumori maligni della cervice uterina , 2017 , 2017 ,30,,
 ITC45 , Milano , DEATH , morti , 9 , totale , 2_1_13 , di cui tumori maligni dell'ovaio , 2017 , 2017 ,207,,
 ITC45 , Milano , DEATH , morti , 1 , maschi , 2_1_15 , di cui tumori maligni del rene , 2017 , 2017 ,154,,
 ITC45 , Milano , DEATH , morti , 9 , totale , 2_1_16 , di cui tumori maligni della vescica , 2017 , 2017 ,291,,
 ITC45 , Milano , DEATH , morti , 2 , femmine , 2_1_17 , di cui tumori maligni del cervello e del sistema nervoso centrale , 2017 , 2017 ,107,,
 ITC45 , Milano , DEATH , morti , 1 , maschi , 2_1_18 , di cui tumori maligni della tiroide , 2017 , 2017 ,8,,
 ITC45 , Milano , DEATH , morti , 9 , totale , 7_1_1 , di cui infarto miocardico acuto , 2017 , 2017 ,988,,
 ITC45 , Milano , DEATH , morti , 2 , femmine , 7_1_2 , du cui altre malattie ischemiche del cuore , 2017 , 2017 ,802,,
 ITC45 , Milano , DEATH , morti , 1 , maschi , 7_2 , altre malattie del cuore , 2017 , 2017 ,996,,
 ITC45 , Milano , DEATH , morti , 9 , totale , 7_3 , malattie cerebrovascolari , 2017 , 2017 ,2471,,
 ITC45 , Milano , DEATH , morti , 2 , femmine , 7_4 , altre malattie del sistema circolatorio , 2017 , 2017 ,1162,,
 ITC45 , Milano , DEATH , morti , 1 , maschi , 8 , malattie del sistema respiratorio , 2017 , 2017 ,1270,,
 ITC45 , Milano , DEATH , morti , 9 , totale , 8_1 , influenza , 2017 , 2017 ,30,,
 ITC45 , Milano , DEATH , morti , 2 , femmine , 8_2 , polmonite , 2017 , 2017 ,407,,
 ITC45 , Milano , DEATH , morti , 1 , maschi , 8_3 , malattie croniche delle basse vie respiratorie , 2017 , 2017 ,574,,
 ITC45 , Milano , DEATH , morti , 9 , totale , 8_3_1 , di cui asma , 2017 , 2017 ,19,,
 ITC45 , Milano , DEATH , morti , 2 , femmine , 8_3_2 , di cui altre malattie croniche delle basse vie respiratorie , 2017 , 2017 ,591,,
 ITC45 , Milano , DEATH , morti , 1 , maschi , 8_4 , altre malattie del sistema respiratorio , 2017 , 2017 ,283,,
 ITC45 , Milano , DEATH , morti , 9 , totale , 16_3 , altri sintomi, segni, risultati anomali e cause mal definite , 2017 , 2017 ,449,,
 ITC45 , Milano , DEATH , morti , 2 , femmine , 17 , cause esterne di traumatismo e avvelenamento , 2017 , 2017 ,486,,
 ITC45 , Milano , DEATH , morti , 1 , maschi , 17_1 , accidenti , 2017 , 2017 ,452,,
 ITC45 , Milano , DEATH , morti , 9 , totale , 17_1_1 , di cui accidenti di trasporto , 2017 , 2017 ,120,,
 ITC45 , Milano , DEATH , morti , 2 , femmine , 17_1_2 , di cui cadute accidentali , 2017 , 2017 ,90,,
 ITC45 , Milano , DEATH , morti , 1 , maschi , 17_1_3 , di cui annegamento e sommersione accidentali , 2017 , 2017 ,5,,
 ITC45 , Milano , DEATH , morti , 9 , totale , 17_1_4 , di cui avvelenamento accidentale , 2017 , 2017 ,14,,
 ITC45 , Milano , DEATH , morti , 2 , femmine , 17_1_5 , di cui altri accidenti , 2017 , 2017 ,287,,
 ITC45 , Milano , DEATH , morti , 1 , maschi , 17_2 , suicidio e autolesione intenzionale , 2017 , 2017 ,150,,
 ITC45 , Milano , DEATH , morti , 9 , totale , 17_3 , omicidio, aggressione , 2017 , 2017 ,20,,
 ITC45 , Milano , DEATH , morti , 1 , maschi , 17_5 , altre cause esterne di traumatismo e avvelenamento , 2017 , 2017 ,9,,
 ITC45 , Milano , DEATH , morti , 2 , femmine , 5_3 , dipendenza da droghe, tossicomania , 2017 , 2017 ,1,,
